"Name","Model","log_BF","BF","df","df_diff","Chi2","p","iv","dv","dframe"
"..1","lmerModLmerTest",NA,NA,3,NA,NA,NA,"clicks","arousal","cutoff_0"
"..2","lmerModLmerTest",-5.59765273467929,0.00370655377869625,5,2,7.36573294383561,0.0251507774115574,"clicks","arousal","cutoff_0"
"..3","lmerModLmerTest",-7.93185303090104,0.000359120334911719,7,2,2.69733235139574,0.259586272313718,"clicks","arousal","cutoff_0"
"..1","lmerModLmerTest",NA,NA,3,NA,NA,NA,"task_total_dist","arousal","cutoff_0"
"..2","lmerModLmerTest",3.80084622095819,44.7390275820242,5,2,26.1627308551106,2.08369993918716e-06,"task_total_dist","arousal","cutoff_0"
"..3","lmerModLmerTest",11.1947067570636,72744.3673332392,7,2,40.950451927325,1.28151102922838e-09,"task_total_dist","arousal","cutoff_0"
"..1","lmerModLmerTest",NA,NA,3,NA,NA,NA,"task_angle_sd","arousal","cutoff_0"
"..2","lmerModLmerTest",-3.72408080415516,0.0241352752784897,5,2,11.1128768048839,0.00386250863005653,"task_angle_sd","arousal","cutoff_0"
"..3","lmerModLmerTest",-8.22462915152755,0.000267971707641628,7,2,2.11178011014272,0.347882654748233,"task_angle_sd","arousal","cutoff_0"
"..1","lmerModLmerTest",NA,NA,3,NA,NA,NA,"task_x_flips","arousal","cutoff_0"
"..2","lmerModLmerTest",2.88189950591004,17.8481436552002,5,2,24.3248374250143,5.22310391785733e-06,"task_x_flips","arousal","cutoff_0"
"..3","lmerModLmerTest",0.189479681128432,1.20862056593388,7,2,18.9399977754547,7.71314932737017e-05,"task_x_flips","arousal","cutoff_0"
"..1","lmerModLmerTest",NA,NA,3,NA,NA,NA,"task_y_flips","arousal","cutoff_0"
"..2","lmerModLmerTest",-1.05319823446735,0.348820353938858,5,2,16.4546419442595,0.000267251345855514,"task_y_flips","arousal","cutoff_0"
"..3","lmerModLmerTest",0.268640061114638,1.30818418993557,7,2,19.0983185354271,7.12611494382748e-05,"task_y_flips","arousal","cutoff_0"
"..1","lmerModLmerTest",NA,NA,3,NA,NA,NA,"trial_sd_duration","arousal","cutoff_0"
"..2","lmerModLmerTest",-6.92827080388088,0.000979693486714275,5,2,4.70449680543243,0.095154974812183,"trial_sd_duration","arousal","cutoff_0"
"..3","lmerModLmerTest",-7.24003477826773,0.000717286813682676,7,2,4.08096885666237,0.129965736541517,"trial_sd_duration","arousal","cutoff_0"
"..1","lmerModLmerTest",NA,NA,3,NA,NA,NA,"trial_mean_trial_move_offset","arousal","cutoff_0"
"..2","lmerModLmerTest",1.48971225094647,4.43581893264471,5,2,21.5404629150871,2.10158959298133e-05,"trial_mean_trial_move_offset","arousal","cutoff_0"
"..3","lmerModLmerTest",15.6248952309925,6106688.66566964,7,2,49.8108288751828,1.52656724708864e-11,"trial_mean_trial_move_offset","arousal","cutoff_0"
"..1","lmerModLmerTest",NA,NA,3,NA,NA,NA,"trial_sd_trial_move_offset","arousal","cutoff_0"
"..2","lmerModLmerTest",-4.82659663685627,0.00801374860405729,5,2,8.90784513948165,0.011632846706067,"trial_sd_trial_move_offset","arousal","cutoff_0"
"..3","lmerModLmerTest",-8.88961437663056,0.000137812791569188,7,2,0.781809659936698,0.676444530223345,"trial_sd_trial_move_offset","arousal","cutoff_0"
"..1","lmerModLmerTest",NA,NA,3,NA,NA,NA,"trial_sd_total_dist","arousal","cutoff_0"
"..2","lmerModLmerTest",-7.40581458485758,0.000607708893125835,5,2,3.74940924347902,0.153400271258913,"trial_sd_total_dist","arousal","cutoff_0"
"..3","lmerModLmerTest",-3.54210918222998,0.0289521971779987,7,2,11.4768200487379,0.0032198837441819,"trial_sd_total_dist","arousal","cutoff_0"
"..1","lmerModLmerTest",NA,NA,3,NA,NA,NA,"trial_sd_distance_overshoot","arousal","cutoff_0"
"..2","lmerModLmerTest",2.97577164051836,19.6047452302509,5,2,24.5125816942309,4.75510943687807e-06,"trial_sd_distance_overshoot","arousal","cutoff_0"
"..3","lmerModLmerTest",7.36151804591464,1574.22449506731,7,2,33.2840745050271,5.92181797093692e-08,"trial_sd_distance_overshoot","arousal","cutoff_0"
"..1","lmerModLmerTest",NA,NA,3,NA,NA,NA,"trial_mean_speed_mean","arousal","cutoff_0"
"..2","lmerModLmerTest",3.51111719184701,33.4856567974713,5,2,25.5832727968882,2.78395940135767e-06,"trial_mean_speed_mean","arousal","cutoff_0"
"..3","lmerModLmerTest",23.1789756781636,11654703602.3111,7,2,64.9189897695251,7.99871985018142e-15,"trial_mean_speed_mean","arousal","cutoff_0"
"..1","lmerModLmerTest",NA,NA,3,NA,NA,NA,"trial_sd_speed_mean","arousal","cutoff_0"
"..2","lmerModLmerTest",-5.77803486246376,0.00309479112668021,5,2,7.00496868826667,0.0301224558414567,"trial_sd_speed_mean","arousal","cutoff_0"
"..3","lmerModLmerTest",-1.85394888993869,0.156617478394548,7,2,14.8531406333204,0.000595225449977824,"trial_sd_speed_mean","arousal","cutoff_0"
"..1","lmerModLmerTest",NA,NA,3,NA,NA,NA,"trial_mean_speed_sd","arousal","cutoff_0"
"..2","lmerModLmerTest",-0.834760763886152,0.433978292294985,5,2,16.8915168854219,0.000214809613077584,"trial_mean_speed_sd","arousal","cutoff_0"
"..3","lmerModLmerTest",8.72964985588987,6183.56259408026,7,2,36.0203381249776,1.50758899313209e-08,"trial_mean_speed_sd","arousal","cutoff_0"
"..1","lmerModLmerTest",NA,NA,3,NA,NA,NA,"trial_sd_speed_sd","arousal","cutoff_0"
"..2","lmerModLmerTest",-6.6321490044902,0.00131732909584032,5,2,5.29674040421378,0.0707664541429489,"trial_sd_speed_sd","arousal","cutoff_0"
"..3","lmerModLmerTest",-5.16221953906279,0.00572896989127898,7,2,8.23659933507224,0.016272159013036,"trial_sd_speed_sd","arousal","cutoff_0"
"..1","lmerModLmerTest",NA,NA,3,NA,NA,NA,"trial_sd_abs_jerk_sd","arousal","cutoff_0"
"..2","lmerModLmerTest",-7.56339254664999,0.000519111144408164,5,2,3.4342533198942,0.179581405747394,"trial_sd_abs_jerk_sd","arousal","cutoff_0"
"..3","lmerModLmerTest",-7.68310280944388,0.000460543700219313,7,2,3.19483279431006,0.202418812823612,"trial_sd_abs_jerk_sd","arousal","cutoff_0"
"..1","lmerModLmerTest",NA,NA,3,NA,NA,NA,"trial_mean_angle_mean","arousal","cutoff_0"
"..2","lmerModLmerTest",-0.148323052782871,0.862152549168476,5,2,18.2643923076284,0.000108127858743638,"trial_mean_angle_mean","arousal","cutoff_0"
"..3","lmerModLmerTest",5.10318542045388,164.545219079824,7,2,28.7674092541056,5.6654766132441e-07,"trial_mean_angle_mean","arousal","cutoff_0"
"..1","lmerModLmerTest",NA,NA,3,NA,NA,NA,"trial_sd_angle_mean","arousal","cutoff_0"
"..2","lmerModLmerTest",-7.79526730759426,0.00041167872455006,5,2,2.97050379800567,0.226445292148248,"trial_sd_angle_mean","arousal","cutoff_0"
"..3","lmerModLmerTest",-9.09671237948533,0.000112033527421841,7,2,0.367613654227171,0.832096526790368,"trial_sd_angle_mean","arousal","cutoff_0"
"..1","lmerModLmerTest",NA,NA,3,NA,NA,NA,"trial_mean_angle_sd","arousal","cutoff_0"
"..2","lmerModLmerTest",-2.88538960580263,0.0558330324250002,5,2,12.7902592015889,0.00166966945915362,"trial_mean_angle_sd","arousal","cutoff_0"
"..3","lmerModLmerTest",-3.36212118765252,0.0346616570316898,7,2,11.8367960378928,0.00268950526417584,"trial_mean_angle_sd","arousal","cutoff_0"
"..1","lmerModLmerTest",NA,NA,3,NA,NA,NA,"trial_sd_angle_sd","arousal","cutoff_0"
"..2","lmerModLmerTest",-5.7300165163706,0.00324702360412252,5,2,7.10100538045299,0.0287102036873394,"trial_sd_angle_sd","arousal","cutoff_0"
"..3","lmerModLmerTest",-9.24633001764778,9.64650281737224e-05,7,2,0.0683783779022633,0.966388657285245,"trial_sd_angle_sd","arousal","cutoff_0"
"..1","lmerModLmerTest",NA,NA,3,NA,NA,NA,"trial_sd_x_flips","arousal","cutoff_0"
"..2","lmerModLmerTest",-4.1609782548403,0.0155922972165478,5,2,10.2390819035136,0.00597876680756322,"trial_sd_x_flips","arousal","cutoff_0"
"..3","lmerModLmerTest",-8.82293021233818,0.000147316059839225,7,2,0.915177988521464,0.632807510284533,"trial_sd_x_flips","arousal","cutoff_0"
"..1","lmerModLmerTest",NA,NA,3,NA,NA,NA,"trial_sd_y_flips","arousal","cutoff_0"
"..2","lmerModLmerTest",-7.82352080794408,0.000400210136342165,5,2,2.91399679730603,0.232934402671537,"trial_sd_y_flips","arousal","cutoff_0"
"..3","lmerModLmerTest",-9.03828711134338,0.000118774109137144,7,2,0.484464190511062,0.784873990880843,"trial_sd_y_flips","arousal","cutoff_0"
"..1","lmerModLmerTest",NA,NA,3,NA,NA,NA,"clicks","valence","cutoff_0"
"..2","lmerModLmerTest",-4.88203770298605,0.00758154933098877,5,2,8.79696300722208,0.0122959971612819,"clicks","valence","cutoff_0"
"..3","lmerModLmerTest",-3.18619946481158,0.0413286438050385,7,2,12.1886394835747,0.00225564403931449,"clicks","valence","cutoff_0"
"..1","lmerModLmerTest",NA,NA,3,NA,NA,NA,"task_total_dist","valence","cutoff_0"
"..2","lmerModLmerTest",-8.88143786658293,0.000138944238584493,5,2,0.798162680028327,0.670936125179938,"task_total_dist","valence","cutoff_0"
"..3","lmerModLmerTest",8.82478941989939,6800.75843769231,7,2,36.2106172529966,1.37076930324583e-08,"task_total_dist","valence","cutoff_0"
"..1","lmerModLmerTest",NA,NA,3,NA,NA,NA,"task_angle_sd","valence","cutoff_0"
"..2","lmerModLmerTest",-8.26118024394418,0.000258353890596065,5,2,2.03867792530582,0.36083338569772,"task_angle_sd","valence","cutoff_0"
"..3","lmerModLmerTest",-5.05842345295423,0.00635557147610472,7,2,8.44419150728936,0.0146678720241413,"task_angle_sd","valence","cutoff_0"
"..1","lmerModLmerTest",NA,NA,3,NA,NA,NA,"task_x_flips","valence","cutoff_0"
"..2","lmerModLmerTest",-7.98507834447992,0.000340505818477889,5,2,2.59088172423435,0.273777139752489,"task_x_flips","valence","cutoff_0"
"..3","lmerModLmerTest",-2.70560036762254,0.066830189118249,7,2,13.1498376779527,0.00139491912684609,"task_x_flips","valence","cutoff_0"
"..1","lmerModLmerTest",NA,NA,3,NA,NA,NA,"task_y_flips","valence","cutoff_0"
"..2","lmerModLmerTest",-8.36926371541995,0.00023188622515092,5,2,1.82251098235429,0.402019175530086,"task_y_flips","valence","cutoff_0"
"..3","lmerModLmerTest",-4.69746162312185,0.00911839366965955,7,2,9.16611516695411,0.0102235889816838,"task_y_flips","valence","cutoff_0"
"..1","lmerModLmerTest",NA,NA,3,NA,NA,NA,"trial_sd_duration","valence","cutoff_0"
"..2","lmerModLmerTest",-9.09281533583271,0.000112470978798686,5,2,0.375407741528761,0.828860120607801,"trial_sd_duration","valence","cutoff_0"
"..3","lmerModLmerTest",-6.26851719119259,0.00189503647768961,7,2,6.02400403081265,0.0491930947764351,"trial_sd_duration","valence","cutoff_0"
"..1","lmerModLmerTest",NA,NA,3,NA,NA,NA,"trial_mean_trial_move_offset","valence","cutoff_0"
"..2","lmerModLmerTest",-8.37121966554696,0.000231433110538633,5,2,1.81859908210026,0.402806274499754,"trial_mean_trial_move_offset","valence","cutoff_0"
"..3","lmerModLmerTest",2.64827530545517,14.1296482911382,7,2,23.8575890241082,6.59766663196098e-06,"trial_mean_trial_move_offset","valence","cutoff_0"
"..1","lmerModLmerTest",NA,NA,3,NA,NA,NA,"trial_sd_trial_move_offset","valence","cutoff_0"
"..2","lmerModLmerTest",-7.20809960048064,0.000740563184951519,5,2,4.14483921223291,0.125880830895016,"trial_sd_trial_move_offset","valence","cutoff_0"
"..3","lmerModLmerTest",-9.05916062635697,0.000116320572042473,7,2,0.44271716048388,0.80142925206513,"trial_sd_trial_move_offset","valence","cutoff_0"
"..1","lmerModLmerTest",NA,NA,3,NA,NA,NA,"trial_sd_total_dist","valence","cutoff_0"
"..2","lmerModLmerTest",-7.64490753834252,0.000478474548653604,5,2,3.27122333650914,0.194833161584622,"trial_sd_total_dist","valence","cutoff_0"
"..3","lmerModLmerTest",-4.0193521619658,0.0179645993212079,7,2,10.5223340892662,0.00518924510282474,"trial_sd_total_dist","valence","cutoff_0"
"..1","lmerModLmerTest",NA,NA,3,NA,NA,NA,"trial_sd_distance_overshoot","valence","cutoff_0"
"..2","lmerModLmerTest",-7.89203086625093,0.000373709849076211,5,2,2.77697668069231,0.249452106446746,"trial_sd_distance_overshoot","valence","cutoff_0"
"..3","lmerModLmerTest",-3.98702108537327,0.0185549053529733,7,2,10.5869962424513,0.00502415438281115,"trial_sd_distance_overshoot","valence","cutoff_0"
"..1","lmerModLmerTest",NA,NA,3,NA,NA,NA,"trial_mean_speed_mean","valence","cutoff_0"
"..2","lmerModLmerTest",-7.95889424155212,0.000349539410002824,5,2,2.64324993008995,0.266701568933825,"trial_mean_speed_mean","valence","cutoff_0"
"..3","lmerModLmerTest",17.9757604690622,64087536.7854703,7,2,54.5125593513221,1.4546152610584e-12,"trial_mean_speed_mean","valence","cutoff_0"
"..1","lmerModLmerTest",NA,NA,3,NA,NA,NA,"trial_sd_speed_mean","valence","cutoff_0"
"..2","lmerModLmerTest",-8.17550430849406,0.000281464477473653,5,2,2.21002979620607,0.331205947864887,"trial_sd_speed_mean","valence","cutoff_0"
"..3","lmerModLmerTest",-4.60887660156368,0.00996300444704322,7,2,9.34328521007046,0.00935688722686993,"trial_sd_speed_mean","valence","cutoff_0"
"..1","lmerModLmerTest",NA,NA,3,NA,NA,NA,"trial_mean_speed_sd","valence","cutoff_0"
"..2","lmerModLmerTest",-8.30023236341003,0.000248459087599089,5,2,1.96057368637412,0.375203458858304,"trial_mean_speed_sd","valence","cutoff_0"
"..3","lmerModLmerTest",12.4805391184873,263165.691498485,7,2,43.5221166501724,3.54235799206841e-10,"trial_mean_speed_sd","valence","cutoff_0"
"..1","lmerModLmerTest",NA,NA,3,NA,NA,NA,"trial_sd_speed_sd","valence","cutoff_0"
"..2","lmerModLmerTest",-7.83213481908751,0.000396777527259721,5,2,2.89676877501915,0.234949569084177,"trial_sd_speed_sd","valence","cutoff_0"
"..3","lmerModLmerTest",-5.86988625421873,0.00282319444221015,7,2,6.82126590476037,0.0330202934866955,"trial_sd_speed_sd","valence","cutoff_0"
"..1","lmerModLmerTest",NA,NA,3,NA,NA,NA,"trial_sd_abs_jerk_sd","valence","cutoff_0"
"..2","lmerModLmerTest",-8.25564053247945,0.000259789068170316,5,2,2.04975734823529,0.358839999344546,"trial_sd_abs_jerk_sd","valence","cutoff_0"
"..3","lmerModLmerTest",1.90723693475593,6.7344553281839,7,2,22.3755122827097,1.38426501489507e-05,"trial_sd_abs_jerk_sd","valence","cutoff_0"
"..1","lmerModLmerTest",NA,NA,3,NA,NA,NA,"trial_mean_angle_mean","valence","cutoff_0"
"..2","lmerModLmerTest",-8.35400658014805,0.000235451271698706,5,2,1.85302525289808,0.395932068573613,"trial_mean_angle_mean","valence","cutoff_0"
"..3","lmerModLmerTest",-0.864970095884928,0.421064143989668,7,2,16.831098221428,0.000221397880542577,"trial_mean_angle_mean","valence","cutoff_0"
"..1","lmerModLmerTest",NA,NA,3,NA,NA,NA,"trial_sd_angle_mean","valence","cutoff_0"
"..2","lmerModLmerTest",-9.02425739562022,0.000120452220309421,5,2,0.512523621953733,0.773939316456626,"trial_sd_angle_mean","valence","cutoff_0"
"..3","lmerModLmerTest",-9.21055620120569,9.99784194059945e-05,7,2,0.139926010786439,0.932428314086725,"trial_sd_angle_mean","valence","cutoff_0"
"..1","lmerModLmerTest",NA,NA,3,NA,NA,NA,"trial_mean_angle_sd","valence","cutoff_0"
"..2","lmerModLmerTest",-8.37222883652976,0.000231199672768143,5,2,1.81658074013467,0.403212980086889,"trial_mean_angle_sd","valence","cutoff_0"
"..3","lmerModLmerTest",-7.55424660872086,0.000523880680406467,7,2,3.4525451957561,0.17794645334021,"trial_mean_angle_sd","valence","cutoff_0"
"..1","lmerModLmerTest",NA,NA,3,NA,NA,NA,"trial_sd_angle_sd","valence","cutoff_0"
"..2","lmerModLmerTest",-6.17962206835728,0.00207121048272115,5,2,6.20179427647963,0.0450088051550806,"trial_sd_angle_sd","valence","cutoff_0"
"..3","lmerModLmerTest",-8.92135802357188,0.000133506816223708,7,2,0.718322366054053,0.698261794331009,"trial_sd_angle_sd","valence","cutoff_0"
"..1","lmerModLmerTest",NA,NA,3,NA,NA,NA,"trial_sd_x_flips","valence","cutoff_0"
"..2","lmerModLmerTest",-8.87920564903652,0.00013925473877489,5,2,0.80262711512114,0.669440120114362,"trial_sd_x_flips","valence","cutoff_0"
"..3","lmerModLmerTest",-8.83278539021558,0.000145871364423391,7,2,0.895467632766668,0.639074772627811,"trial_sd_x_flips","valence","cutoff_0"
"..1","lmerModLmerTest",NA,NA,3,NA,NA,NA,"trial_sd_y_flips","valence","cutoff_0"
"..2","lmerModLmerTest",-8.33771912339944,0.000239317574753701,5,2,1.88560016639531,0.389535574844008,"trial_sd_y_flips","valence","cutoff_0"
"..3","lmerModLmerTest",-8.88338321249648,0.000138674206715605,7,2,0.794271988204855,0.672242598387234,"trial_sd_y_flips","valence","cutoff_0"
"..1","lmerModLmerTest",NA,NA,3,NA,NA,NA,"clicks","arousal","iqr_out_2.5"
"..2","lmerModLmerTest",-2.82693446117082,0.0591940374348362,5,2,12.5022617429895,0.00192827227460821,"clicks","arousal","iqr_out_2.5"
"..3","lmerModLmerTest",-8.68380523037922,0.000169305593501301,7,2,0.788520204576344,0.674178678016506,"clicks","arousal","iqr_out_2.5"
"..1","lmerModLmerTest",NA,NA,3,NA,NA,NA,"task_angle_sd","arousal","iqr_out_2.5"
"..2","lmerModLmerTest",-2.75179752635995,0.0638130524078876,5,2,12.6525356126112,0.00178869709096703,"task_angle_sd","arousal","iqr_out_2.5"
"..3","lmerModLmerTest",-8.95189310660135,0.000129491786104427,7,2,0.252344452132093,0.881463022800985,"task_angle_sd","arousal","iqr_out_2.5"
"..1","lmerModLmerTest",NA,NA,3,NA,NA,NA,"task_x_flips","arousal","iqr_out_2.5"
"..2","lmerModLmerTest",-2.04331173721221,0.129598802223123,5,2,14.0695071909067,0.000880735155338882,"task_x_flips","arousal","iqr_out_2.5"
"..3","lmerModLmerTest",-4.51981676610012,0.0108910190896359,7,2,9.11649713313454,0.0104803985988902,"task_x_flips","arousal","iqr_out_2.5"
"..1","lmerModLmerTest",NA,NA,3,NA,NA,NA,"task_y_flips","arousal","iqr_out_2.5"
"..2","lmerModLmerTest",-3.39257786212875,0.03362189248517,5,2,11.3709749410737,0.00339487794323478,"task_y_flips","arousal","iqr_out_2.5"
"..3","lmerModLmerTest",-0.720659457974762,0.486431369120367,7,2,16.7148117493853,0.00023465226227888,"task_y_flips","arousal","iqr_out_2.5"
"..1","lmerModLmerTest",NA,NA,3,NA,NA,NA,"trial_mean_duration","arousal","iqr_out_2.5"
"..2","lmerModLmerTest",-1.61851882522024,0.198192038835738,5,2,14.9190930148907,0.000575917286477467,"trial_mean_duration","arousal","iqr_out_2.5"
"..3","lmerModLmerTest",-0.869173930133911,0.419297775481665,7,2,16.417782805067,0.000272222339067712,"trial_mean_duration","arousal","iqr_out_2.5"
"..1","lmerModLmerTest",NA,NA,3,NA,NA,NA,"trial_sd_duration","arousal","iqr_out_2.5"
"..2","lmerModLmerTest",-8.14700090817678,0.000289602603306012,5,2,1.86212884897759,0.39413396117543,"trial_sd_duration","arousal","iqr_out_2.5"
"..3","lmerModLmerTest",-8.21874931612183,0.000269551978489373,7,2,1.71863203309113,0.423451617187842,"trial_sd_duration","arousal","iqr_out_2.5"
"..1","lmerModLmerTest",NA,NA,3,NA,NA,NA,"trial_mean_trial_move_offset","arousal","iqr_out_2.5"
"..2","lmerModLmerTest",1.04258238998773,2.83653259782181,5,2,20.2412954453066,4.02400526950987e-05,"trial_mean_trial_move_offset","arousal","iqr_out_2.5"
"..3","lmerModLmerTest",8.78617430924714,6543.15215516049,7,2,35.7284792838291,1.74445310915603e-08,"trial_mean_trial_move_offset","arousal","iqr_out_2.5"
"..1","lmerModLmerTest",NA,NA,3,NA,NA,NA,"trial_sd_trial_move_offset","arousal","iqr_out_2.5"
"..2","lmerModLmerTest",-7.43221862784594,0.000591872908422794,5,2,3.29169340963927,0.192849207293299,"trial_sd_trial_move_offset","arousal","iqr_out_2.5"
"..3","lmerModLmerTest",-7.67989372517877,0.000462023997690374,7,2,2.79634321497724,0.247048252424325,"trial_sd_trial_move_offset","arousal","iqr_out_2.5"
"..1","lmerModLmerTest",NA,NA,3,NA,NA,NA,"trial_mean_total_dist","arousal","iqr_out_2.5"
"..2","lmerModLmerTest",-0.850607394735562,0.427155401195946,5,2,16.45491587586,0.00026721474406771,"trial_mean_total_dist","arousal","iqr_out_2.5"
"..3","lmerModLmerTest",8.42906380387831,4578.21198171631,7,2,35.0142582730914,2.49316155877773e-08,"trial_mean_total_dist","arousal","iqr_out_2.5"
"..1","lmerModLmerTest",NA,NA,3,NA,NA,NA,"trial_sd_total_dist","arousal","iqr_out_2.5"
"..2","lmerModLmerTest",-8.90615386345598,0.000135552184888907,5,2,0.34382293841918,0.842053717549897,"trial_sd_total_dist","arousal","iqr_out_2.5"
"..3","lmerModLmerTest",-7.44896068961134,0.000582046224637281,7,2,3.25820928611211,0.196105079589921,"trial_sd_total_dist","arousal","iqr_out_2.5"
"..1","lmerModLmerTest",NA,NA,3,NA,NA,NA,"trial_sd_distance_overshoot","arousal","iqr_out_2.5"
"..2","lmerModLmerTest",0.69661379502395,2.00694526024248,5,2,19.549358255379,5.68736095940775e-05,"trial_sd_distance_overshoot","arousal","iqr_out_2.5"
"..3","lmerModLmerTest",3.62241253023967,37.4277545788963,7,2,25.4009557258141,3.04966788661873e-06,"trial_sd_distance_overshoot","arousal","iqr_out_2.5"
"..1","lmerModLmerTest",NA,NA,3,NA,NA,NA,"trial_mean_speed_mean","arousal","iqr_out_2.5"
"..2","lmerModLmerTest",6.10575291960049,448.430146229005,5,2,30.3676365045321,2.54537350282032e-07,"trial_mean_speed_mean","arousal","iqr_out_2.5"
"..3","lmerModLmerTest",8.5415067409831,5123.05767016046,7,2,35.239144147301,2.22800968789274e-08,"trial_mean_speed_mean","arousal","iqr_out_2.5"
"..1","lmerModLmerTest",NA,NA,3,NA,NA,NA,"trial_sd_speed_mean","arousal","iqr_out_2.5"
"..2","lmerModLmerTest",-6.79755192349512,0.00111650509481208,5,2,4.56102681834091,0.102231706544005,"trial_sd_speed_mean","arousal","iqr_out_2.5"
"..3","lmerModLmerTest",-1.28408695221879,0.276903294184379,7,2,15.5879567608972,0.000412209690548154,"trial_sd_speed_mean","arousal","iqr_out_2.5"
"..1","lmerModLmerTest",NA,NA,3,NA,NA,NA,"trial_sd_speed_sd","arousal","iqr_out_2.5"
"..2","lmerModLmerTest",-6.29981577629042,0.00183664309906937,5,2,5.55649911275032,0.0621471973872065,"trial_sd_speed_sd","arousal","iqr_out_2.5"
"..3","lmerModLmerTest",-5.10238004860366,0.00608225326658503,7,2,7.95137056812746,0.0187664367471488,"trial_sd_speed_sd","arousal","iqr_out_2.5"
"..1","lmerModLmerTest",NA,NA,3,NA,NA,NA,"trial_sd_abs_jerk_mean","arousal","iqr_out_2.5"
"..2","lmerModLmerTest",-5.15929939469243,0.00574572376040794,5,2,7.8375318759463,0.0198655950002739,"trial_sd_abs_jerk_mean","arousal","iqr_out_2.5"
"..3","lmerModLmerTest",-8.95245418400737,0.000129419151567683,7,2,0.251222297320055,0.881957730559015,"trial_sd_abs_jerk_mean","arousal","iqr_out_2.5"
"..1","lmerModLmerTest",NA,NA,3,NA,NA,NA,"trial_sd_abs_jerk_sd","arousal","iqr_out_2.5"
"..2","lmerModLmerTest",-6.52377775257628,0.00146811244754794,5,2,5.10857516017859,0.0777476012810576,"trial_sd_abs_jerk_sd","arousal","iqr_out_2.5"
"..3","lmerModLmerTest",-8.38978399721236,0.000227176343782833,7,2,1.37656267091006,0.502438851276788,"trial_sd_abs_jerk_sd","arousal","iqr_out_2.5"
"..1","lmerModLmerTest",NA,NA,3,NA,NA,NA,"trial_mean_angle_mean","arousal","iqr_out_2.5"
"..2","lmerModLmerTest",0.263811989736496,1.30188340584787,5,2,18.6837546448041,8.76746878368712e-05,"trial_mean_angle_mean","arousal","iqr_out_2.5"
"..3","lmerModLmerTest",-1.77989545638775,0.168655778231261,7,2,14.5963397525593,0.000676776226729662,"trial_mean_angle_mean","arousal","iqr_out_2.5"
"..1","lmerModLmerTest",NA,NA,3,NA,NA,NA,"trial_sd_angle_mean","arousal","iqr_out_2.5"
"..2","lmerModLmerTest",-7.63683529095215,0.000482352544593761,5,2,2.88246008342685,0.236636506818567,"trial_sd_angle_mean","arousal","iqr_out_2.5"
"..3","lmerModLmerTest",-8.79965691449615,0.000150784798300726,7,2,0.556816836342477,0.756987590883411,"trial_sd_angle_mean","arousal","iqr_out_2.5"
"..1","lmerModLmerTest",NA,NA,3,NA,NA,NA,"trial_mean_angle_sd","arousal","iqr_out_2.5"
"..2","lmerModLmerTest",-3.08372748118381,0.0457882632699478,5,2,11.9886757029635,0.00249282704903616,"trial_mean_angle_sd","arousal","iqr_out_2.5"
"..3","lmerModLmerTest",-7.42114186750587,0.000598465387028959,7,2,3.31384693032305,0.190724850060516,"trial_mean_angle_sd","arousal","iqr_out_2.5"
"..1","lmerModLmerTest",NA,NA,3,NA,NA,NA,"trial_sd_angle_sd","arousal","iqr_out_2.5"
"..2","lmerModLmerTest",-6.35042111555049,0.00174601170874012,5,2,5.45528843423017,0.0653731132708596,"trial_sd_angle_sd","arousal","iqr_out_2.5"
"..3","lmerModLmerTest",-9.02080972815384,0.000120868216206338,7,2,0.114511209027114,0.944352657713183,"trial_sd_angle_sd","arousal","iqr_out_2.5"
"..1","lmerModLmerTest",NA,NA,3,NA,NA,NA,"trial_sd_x_flips","arousal","iqr_out_2.5"
"..2","lmerModLmerTest",-6.58462970987057,0.00138143880605866,5,2,4.98687124559001,0.0826256079582493,"trial_sd_x_flips","arousal","iqr_out_2.5"
"..3","lmerModLmerTest",-8.86007111862455,0.000141944968873086,7,2,0.435988428085693,0.804130094315371,"trial_sd_x_flips","arousal","iqr_out_2.5"
"..1","lmerModLmerTest",NA,NA,3,NA,NA,NA,"trial_sd_y_flips","arousal","iqr_out_2.5"
"..2","lmerModLmerTest",-8.04686108888745,0.000320105128715617,5,2,2.06240848755624,0.356577295920551,"trial_sd_y_flips","arousal","iqr_out_2.5"
"..3","lmerModLmerTest",-9.07110834152991,0.000114939076271709,7,2,0.0139139822749712,0.993067152703417,"trial_sd_y_flips","arousal","iqr_out_2.5"
"..1","lmerModLmerTest",NA,NA,3,NA,NA,NA,"clicks","valence","iqr_out_2.5"
"..2","lmerModLmerTest",-2.79313476151128,0.0612289745273834,5,2,12.5698611423104,0.00186418639359317,"clicks","valence","iqr_out_2.5"
"..3","lmerModLmerTest",-8.42360895801903,0.000219620619280007,7,2,1.3089127492949,0.519724521230334,"clicks","valence","iqr_out_2.5"
"..1","lmerModLmerTest",NA,NA,3,NA,NA,NA,"task_angle_sd","valence","iqr_out_2.5"
"..2","lmerModLmerTest",-7.94351485659718,0.000354956661367167,5,2,2.26910095213861,0.321566640749819,"task_angle_sd","valence","iqr_out_2.5"
"..3","lmerModLmerTest",-8.81008058876068,0.000149221229900217,7,2,0.535969487811599,0.764919450697043,"task_angle_sd","valence","iqr_out_2.5"
"..1","lmerModLmerTest",NA,NA,3,NA,NA,NA,"task_x_flips","valence","iqr_out_2.5"
"..2","lmerModLmerTest",-8.9394153117164,0.00013111768074534,5,2,0.277300041900162,0.870532643338168,"task_x_flips","valence","iqr_out_2.5"
"..3","lmerModLmerTest",-8.11956370150529,0.000297658500070624,7,2,1.9170032623224,0.383467030776978,"task_x_flips","valence","iqr_out_2.5"
"..1","lmerModLmerTest",NA,NA,3,NA,NA,NA,"task_y_flips","valence","iqr_out_2.5"
"..2","lmerModLmerTest",-7.57081303449831,0.000515273343257814,5,2,3.01450459633634,0.221517807395095,"task_y_flips","valence","iqr_out_2.5"
"..3","lmerModLmerTest",-8.62148746954972,0.000180192025108378,7,2,0.913155726235345,0.633447685261629,"task_y_flips","valence","iqr_out_2.5"
"..1","lmerModLmerTest",NA,NA,3,NA,NA,NA,"trial_mean_duration","valence","iqr_out_2.5"
"..2","lmerModLmerTest",-7.06026637837749,0.000858549364524681,5,2,4.03559790857798,0.132947767389943,"trial_mean_duration","valence","iqr_out_2.5"
"..3","lmerModLmerTest",-4.10284020696236,0.0165256723544883,7,2,9.95045025140826,0.006906963829318,"trial_mean_duration","valence","iqr_out_2.5"
"..1","lmerModLmerTest",NA,NA,3,NA,NA,NA,"trial_sd_duration","valence","iqr_out_2.5"
"..2","lmerModLmerTest",-7.97189035152678,0.000345026148335987,5,2,2.2123499622794,0.330821944244235,"trial_sd_duration","valence","iqr_out_2.5"
"..3","lmerModLmerTest",-6.02726648332191,0.0024120784317854,7,2,6.10159769868915,0.0473211068527004,"trial_sd_duration","valence","iqr_out_2.5"
"..1","lmerModLmerTest",NA,NA,3,NA,NA,NA,"trial_mean_trial_move_offset","valence","iqr_out_2.5"
"..2","lmerModLmerTest",-8.41743356890493,0.000220981058358472,5,2,1.32126352752312,0.516524909670998,"trial_mean_trial_move_offset","valence","iqr_out_2.5"
"..3","lmerModLmerTest",-3.62276383016251,0.0267087559225208,7,2,10.9106030050079,0.00427358808994044,"trial_mean_trial_move_offset","valence","iqr_out_2.5"
"..1","lmerModLmerTest",NA,NA,3,NA,NA,NA,"trial_sd_trial_move_offset","valence","iqr_out_2.5"
"..2","lmerModLmerTest",-8.08795422495859,0.000307217612813002,5,2,1.98022221541578,0.371535408281059,"trial_sd_trial_move_offset","valence","iqr_out_2.5"
"..3","lmerModLmerTest",-5.29332852073458,0.00502500655412394,7,2,7.56947362386381,0.0227148402650214,"trial_sd_trial_move_offset","valence","iqr_out_2.5"
"..1","lmerModLmerTest",NA,NA,3,NA,NA,NA,"trial_mean_total_dist","valence","iqr_out_2.5"
"..2","lmerModLmerTest",-8.19803165453231,0.000275194715487725,5,2,1.76006735626834,0.414768942802255,"trial_mean_total_dist","valence","iqr_out_2.5"
"..3","lmerModLmerTest",0.528115358632931,1.69573344581129,7,2,19.2123613825988,6.73114170682655e-05,"trial_mean_total_dist","valence","iqr_out_2.5"
"..1","lmerModLmerTest",NA,NA,3,NA,NA,NA,"trial_sd_total_dist","valence","iqr_out_2.5"
"..2","lmerModLmerTest",-8.95086391606219,0.000129625126430116,5,2,0.254402833208587,0.880556296075423,"trial_sd_total_dist","valence","iqr_out_2.5"
"..3","lmerModLmerTest",-6.93254205878566,0.000975517889971165,7,2,4.29104654776347,0.117006794422685,"trial_sd_total_dist","valence","iqr_out_2.5"
"..1","lmerModLmerTest",NA,NA,3,NA,NA,NA,"trial_sd_distance_overshoot","valence","iqr_out_2.5"
"..2","lmerModLmerTest",-5.90589879078379,0.00272333297383849,5,2,6.34433308376538,0.0419126938586322,"trial_sd_distance_overshoot","valence","iqr_out_2.5"
"..3","lmerModLmerTest",-5.86005326363102,0.00285109181913262,7,2,6.43602413807093,0.0400345651590892,"trial_sd_distance_overshoot","valence","iqr_out_2.5"
"..1","lmerModLmerTest",NA,NA,3,NA,NA,NA,"trial_mean_speed_mean","valence","iqr_out_2.5"
"..2","lmerModLmerTest",-8.50490754033763,0.000202472285940351,5,2,1.14631558465771,0.563742443453411,"trial_mean_speed_mean","valence","iqr_out_2.5"
"..3","lmerModLmerTest",-1.02080176726395,0.360305942824291,7,2,16.1145271308051,0.000316792502263207,"trial_mean_speed_mean","valence","iqr_out_2.5"
"..1","lmerModLmerTest",NA,NA,3,NA,NA,NA,"trial_sd_speed_mean","valence","iqr_out_2.5"
"..2","lmerModLmerTest",-7.40379365871377,0.000608938269737035,5,2,3.34854334790543,0.187444650599645,"trial_sd_speed_mean","valence","iqr_out_2.5"
"..3","lmerModLmerTest",-0.224777845543031,0.798693632402223,7,2,17.7065749742469,0.00014291114462038,"trial_sd_speed_mean","valence","iqr_out_2.5"
"..1","lmerModLmerTest",NA,NA,3,NA,NA,NA,"trial_sd_speed_sd","valence","iqr_out_2.5"
"..2","lmerModLmerTest",-7.65420990915754,0.000474044239115246,5,2,2.84771084701788,0.240783901141053,"trial_sd_speed_sd","valence","iqr_out_2.5"
"..3","lmerModLmerTest",-7.32695455558587,0.000657573143267755,7,2,3.50222155416304,0.173581026500394,"trial_sd_speed_sd","valence","iqr_out_2.5"
"..1","lmerModLmerTest",NA,NA,3,NA,NA,NA,"trial_sd_abs_jerk_mean","valence","iqr_out_2.5"
"..2","lmerModLmerTest",-7.84917875058454,0.000390072183299068,5,2,2.45777316416388,0.292618202718901,"trial_sd_abs_jerk_mean","valence","iqr_out_2.5"
"..3","lmerModLmerTest",-2.29571439566644,0.100689435471838,7,2,13.5647018740001,0.00113360672520143,"trial_sd_abs_jerk_mean","valence","iqr_out_2.5"
"..1","lmerModLmerTest",NA,NA,3,NA,NA,NA,"trial_sd_abs_jerk_sd","valence","iqr_out_2.5"
"..2","lmerModLmerTest",-9.07735612269425,0.000114223200721489,5,2,0.00141841994445713,0.999291041457721,"trial_sd_abs_jerk_sd","valence","iqr_out_2.5"
"..3","lmerModLmerTest",-1.1428802928267,0.318899174732329,7,2,15.8703700796796,0.000357925734061298,"trial_sd_abs_jerk_sd","valence","iqr_out_2.5"
"..1","lmerModLmerTest",NA,NA,3,NA,NA,NA,"trial_mean_angle_mean","valence","iqr_out_2.5"
"..2","lmerModLmerTest",-8.45155520057051,0.000213568015860597,5,2,1.25302026419195,0.534453723080498,"trial_mean_angle_mean","valence","iqr_out_2.5"
"..3","lmerModLmerTest",-5.57597546389115,0.00378777893788865,7,2,7.00417973755248,0.0301343407519794,"trial_mean_angle_mean","valence","iqr_out_2.5"
"..1","lmerModLmerTest",NA,NA,3,NA,NA,NA,"trial_sd_angle_mean","valence","iqr_out_2.5"
"..2","lmerModLmerTest",-8.99783724807276,0.000123676997710922,5,2,0.160456169187455,0.922905821779429,"trial_sd_angle_mean","valence","iqr_out_2.5"
"..3","lmerModLmerTest",-8.55848325553416,0.000191910151666526,7,2,1.03916415426647,0.594769063628523,"trial_sd_angle_mean","valence","iqr_out_2.5"
"..1","lmerModLmerTest",NA,NA,3,NA,NA,NA,"trial_mean_angle_sd","valence","iqr_out_2.5"
"..2","lmerModLmerTest",-8.27662014858015,0.000254395567860988,5,2,1.60289036817267,0.44868007004738,"trial_mean_angle_sd","valence","iqr_out_2.5"
"..3","lmerModLmerTest",-8.91879720345514,0.000133849141293804,7,2,0.318536258422682,0.852767676387734,"trial_mean_angle_sd","valence","iqr_out_2.5"
"..1","lmerModLmerTest",NA,NA,3,NA,NA,NA,"trial_sd_angle_sd","valence","iqr_out_2.5"
"..2","lmerModLmerTest",-5.59644184717581,0.00371104471680952,5,2,6.96324697098134,0.0307574362255979,"trial_sd_angle_sd","valence","iqr_out_2.5"
"..3","lmerModLmerTest",-8.93397363745498,0.000131833125296502,7,2,0.28818339042482,0.86580835393831,"trial_sd_angle_sd","valence","iqr_out_2.5"
"..1","lmerModLmerTest",NA,NA,3,NA,NA,NA,"trial_sd_x_flips","valence","iqr_out_2.5"
"..2","lmerModLmerTest",-8.98642246118652,0.000125096832421144,5,2,0.183285742959924,0.912430946479492,"trial_sd_x_flips","valence","iqr_out_2.5"
"..3","lmerModLmerTest",-9.02445174219065,0.000120428813108133,7,2,0.107227180953487,0.947798274031144,"trial_sd_x_flips","valence","iqr_out_2.5"
"..1","lmerModLmerTest",NA,NA,3,NA,NA,NA,"trial_sd_y_flips","valence","iqr_out_2.5"
"..2","lmerModLmerTest",-8.03122503534451,0.000325149645035437,5,2,2.09368059464396,0.351045197035879,"trial_sd_y_flips","valence","iqr_out_2.5"
"..3","lmerModLmerTest",-8.98850336052874,0.000124836789160606,7,2,0.179123944275489,0.914331600284625,"trial_sd_y_flips","valence","iqr_out_2.5"
"..1","lmerModLmerTest",NA,NA,3,NA,NA,NA,"clicks","arousal","iqr_out_3.5"
"..2","lmerModLmerTest",-4.86931671483944,0.00767861017620136,5,2,8.58492693304288,0.0136712052239051,"clicks","arousal","iqr_out_3.5"
"..3","lmerModLmerTest",-8.55424266486989,0.000192725692028355,7,2,1.21507503298199,0.544690510374559,"clicks","arousal","iqr_out_3.5"
"..1","lmerModLmerTest",NA,NA,3,NA,NA,NA,"task_angle_sd","arousal","iqr_out_3.5"
"..2","lmerModLmerTest",-2.43918906144245,0.0872315622243076,5,2,13.4451822398369,0.00120341597555343,"task_angle_sd","arousal","iqr_out_3.5"
"..3","lmerModLmerTest",-9.02769273895137,0.000120039135527939,7,2,0.268174884819018,0.874513591684289,"task_angle_sd","arousal","iqr_out_3.5"
"..1","lmerModLmerTest",NA,NA,3,NA,NA,NA,"task_x_flips","arousal","iqr_out_3.5"
"..2","lmerModLmerTest",0.519678449018102,1.68148687900388,5,2,19.362917260758,6.24303744882047e-05,"task_x_flips","arousal","iqr_out_3.5"
"..3","lmerModLmerTest",-3.2474478872191,0.0388732903642182,7,2,11.8286645882836,0.00270046231151665,"task_x_flips","arousal","iqr_out_3.5"
"..1","lmerModLmerTest",NA,NA,3,NA,NA,NA,"task_y_flips","arousal","iqr_out_3.5"
"..2","lmerModLmerTest",-1.82229940880643,0.161653615505022,5,2,14.6789615451089,0.000649387613294389,"task_y_flips","arousal","iqr_out_3.5"
"..3","lmerModLmerTest",-3.22346330306209,0.0398169211284836,7,2,11.8766337565976,0.0026364634074662,"task_y_flips","arousal","iqr_out_3.5"
"..1","lmerModLmerTest",NA,NA,3,NA,NA,NA,"trial_mean_duration","arousal","iqr_out_3.5"
"..2","lmerModLmerTest",-3.68817769823181,0.0250175500542598,5,2,10.9472049662581,0.00419608855885312,"trial_mean_duration","arousal","iqr_out_3.5"
"..3","lmerModLmerTest",10.4382023940616,34139.2283666476,7,2,39.1999651508449,3.07493345853625e-09,"trial_mean_duration","arousal","iqr_out_3.5"
"..1","lmerModLmerTest",NA,NA,3,NA,NA,NA,"trial_sd_duration","arousal","iqr_out_3.5"
"..2","lmerModLmerTest",-7.98651460509791,0.000340017114417819,5,2,2.35053115252595,0.308736975587113,"trial_sd_duration","arousal","iqr_out_3.5"
"..3","lmerModLmerTest",-6.57507068248742,0.00139470733350837,7,2,5.17341899774692,0.0752673001934744,"trial_sd_duration","arousal","iqr_out_3.5"
"..1","lmerModLmerTest",NA,NA,3,NA,NA,NA,"trial_mean_trial_move_offset","arousal","iqr_out_3.5"
"..2","lmerModLmerTest",1.94869158437905,7.01949714972684,5,2,22.2209435314799,1.49548968129861e-05,"trial_mean_trial_move_offset","arousal","iqr_out_3.5"
"..3","lmerModLmerTest",16.2233758764869,11110219.0343769,7,2,50.7703121156956,9.4485855974938e-12,"trial_mean_trial_move_offset","arousal","iqr_out_3.5"
"..1","lmerModLmerTest",NA,NA,3,NA,NA,NA,"trial_sd_trial_move_offset","arousal","iqr_out_3.5"
"..2","lmerModLmerTest",-7.01043575929907,0.000902415266861421,5,2,4.30268884412362,0.116327659125624,"trial_sd_trial_move_offset","arousal","iqr_out_3.5"
"..3","lmerModLmerTest",-7.69794887155513,0.000453756942804767,7,2,2.92766261961151,0.231348207928978,"trial_sd_trial_move_offset","arousal","iqr_out_3.5"
"..1","lmerModLmerTest",NA,NA,3,NA,NA,NA,"trial_mean_total_dist","arousal","iqr_out_3.5"
"..2","lmerModLmerTest",1.06239494966212,2.89329198690583,5,2,20.448350262046,3.62824962113413e-05,"trial_mean_total_dist","arousal","iqr_out_3.5"
"..3","lmerModLmerTest",6.32405550134172,557.830694430029,7,2,30.9716713654052,1.88185871809143e-07,"trial_mean_total_dist","arousal","iqr_out_3.5"
"..1","lmerModLmerTest",NA,NA,3,NA,NA,NA,"trial_sd_total_dist","arousal","iqr_out_3.5"
"..2","lmerModLmerTest",-8.62466617773498,0.000179620156626282,5,2,1.0742280072518,0.584432490901496,"trial_sd_total_dist","arousal","iqr_out_3.5"
"..3","lmerModLmerTest",-8.47804992968304,0.000207983890728474,7,2,1.36746050335569,0.50473070383255,"trial_sd_total_dist","arousal","iqr_out_3.5"
"..1","lmerModLmerTest",NA,NA,3,NA,NA,NA,"trial_sd_distance_overshoot","arousal","iqr_out_3.5"
"..2","lmerModLmerTest",2.3912794828484,10.9274665082809,5,2,23.1061193284186,9.60660510591945e-06,"trial_sd_distance_overshoot","arousal","iqr_out_3.5"
"..3","lmerModLmerTest",1.598024259054,4.9432561762744,7,2,21.5196088808298,2.12361754701396e-05,"trial_sd_distance_overshoot","arousal","iqr_out_3.5"
"..1","lmerModLmerTest",NA,NA,3,NA,NA,NA,"trial_sd_speed_mean","arousal","iqr_out_3.5"
"..2","lmerModLmerTest",-6.12239260225579,0.00219320221991122,5,2,6.07877515821019,0.0478641935523229,"trial_sd_speed_mean","arousal","iqr_out_3.5"
"..3","lmerModLmerTest",-2.50507265100896,0.0816696643862361,7,2,13.3134150607038,0.00128537145759236,"trial_sd_speed_mean","arousal","iqr_out_3.5"
"..1","lmerModLmerTest",NA,NA,3,NA,NA,NA,"trial_sd_speed_sd","arousal","iqr_out_3.5"
"..2","lmerModLmerTest",-6.11320722268283,0.00221344042026417,5,2,6.0971459173561,0.0474265557781248,"trial_sd_speed_sd","arousal","iqr_out_3.5"
"..3","lmerModLmerTest",-7.15750666904569,0.000778994424754217,7,2,4.00854702463039,0.134758160286367,"trial_sd_speed_sd","arousal","iqr_out_3.5"
"..1","lmerModLmerTest",NA,NA,3,NA,NA,NA,"trial_sd_abs_jerk_sd","arousal","iqr_out_3.5"
"..2","lmerModLmerTest",-5.8255171543824,0.00295127749155938,5,2,6.67252605395697,0.035569632423059,"trial_sd_abs_jerk_sd","arousal","iqr_out_3.5"
"..3","lmerModLmerTest",-9.0981677192085,0.000111870599165794,7,2,0.127224924304755,0.938368582415821,"trial_sd_abs_jerk_sd","arousal","iqr_out_3.5"
"..1","lmerModLmerTest",NA,NA,3,NA,NA,NA,"trial_mean_angle_mean","arousal","iqr_out_3.5"
"..2","lmerModLmerTest",-0.0443946572231652,0.956576363196549,5,2,18.2347710482754,0.000109741218361722,"trial_mean_angle_mean","arousal","iqr_out_3.5"
"..3","lmerModLmerTest",-2.04802663527335,0.128989195328288,7,2,14.2275070921751,0.000813834486571086,"trial_mean_angle_mean","arousal","iqr_out_3.5"
"..1","lmerModLmerTest",NA,NA,3,NA,NA,NA,"trial_sd_angle_mean","arousal","iqr_out_3.5"
"..2","lmerModLmerTest",-7.54780186218159,0.000527267861646993,5,2,3.22795663835859,0.19909397706378,"trial_sd_angle_mean","arousal","iqr_out_3.5"
"..3","lmerModLmerTest",-8.82675079896399,0.000146754299880857,7,2,0.670058764793794,0.715317068313773,"trial_sd_angle_mean","arousal","iqr_out_3.5"
"..1","lmerModLmerTest",NA,NA,3,NA,NA,NA,"trial_mean_angle_sd","arousal","iqr_out_3.5"
"..2","lmerModLmerTest",-2.8374408366526,0.0585753782748035,5,2,12.6486786894166,0.00179214985280549,"trial_mean_angle_sd","arousal","iqr_out_3.5"
"..3","lmerModLmerTest",-7.70100264071334,0.000452373387452033,7,2,2.92155508129508,0.232055771769611,"trial_mean_angle_sd","arousal","iqr_out_3.5"
"..1","lmerModLmerTest",NA,NA,3,NA,NA,NA,"trial_sd_angle_sd","arousal","iqr_out_3.5"
"..2","lmerModLmerTest",-5.91482062543764,0.00269914391319044,5,2,6.49391911184648,0.0388922780442378,"trial_sd_angle_sd","arousal","iqr_out_3.5"
"..3","lmerModLmerTest",-9.10228529678898,0.000111410910346424,7,2,0.118989769143809,0.942240353541679,"trial_sd_angle_sd","arousal","iqr_out_3.5"
"..1","lmerModLmerTest",NA,NA,3,NA,NA,NA,"trial_sd_x_flips","arousal","iqr_out_3.5"
"..2","lmerModLmerTest",-5.83264681223591,0.00293031072456646,5,2,6.65826673824995,0.0358241379226928,"trial_sd_x_flips","arousal","iqr_out_3.5"
"..3","lmerModLmerTest",-8.70861663168216,0.000165156568880279,7,2,0.906327099357441,0.635614170631692,"trial_sd_x_flips","arousal","iqr_out_3.5"
"..1","lmerModLmerTest",NA,NA,3,NA,NA,NA,"trial_sd_y_flips","arousal","iqr_out_3.5"
"..2","lmerModLmerTest",-8.00362125606443,0.000334250028718022,5,2,2.3163178505929,0.314063863975832,"trial_sd_y_flips","arousal","iqr_out_3.5"
"..3","lmerModLmerTest",-8.92140840712818,0.000133500089844968,7,2,0.480743548465398,0.786335467452659,"trial_sd_y_flips","arousal","iqr_out_3.5"
"..1","lmerModLmerTest",NA,NA,3,NA,NA,NA,"clicks","valence","iqr_out_3.5"
"..2","lmerModLmerTest",-4.02654481697391,0.0178358497366671,5,2,10.2704707287739,0.00588566606599094,"clicks","valence","iqr_out_3.5"
"..3","lmerModLmerTest",-8.45039178372099,0.000213816629081131,7,2,1.42277679527979,0.490962073456796,"clicks","valence","iqr_out_3.5"
"..1","lmerModLmerTest",NA,NA,3,NA,NA,NA,"task_angle_sd","valence","iqr_out_3.5"
"..2","lmerModLmerTest",-7.91854032028823,0.000363933164830964,5,2,2.4864797221453,0.288448170427042,"task_angle_sd","valence","iqr_out_3.5"
"..3","lmerModLmerTest",-8.71366092573226,0.000164325568250369,7,2,0.896238511257252,0.63882849559523,"task_angle_sd","valence","iqr_out_3.5"
"..1","lmerModLmerTest",NA,NA,3,NA,NA,NA,"task_x_flips","valence","iqr_out_3.5"
"..2","lmerModLmerTest",-8.89006709766727,0.000137750414939988,5,2,0.543426167387224,0.762072880861724,"task_x_flips","valence","iqr_out_3.5"
"..3","lmerModLmerTest",-7.73707875396576,0.00043634438438146,7,2,2.84940285479024,0.2405802831679,"task_x_flips","valence","iqr_out_3.5"
"..1","lmerModLmerTest",NA,NA,3,NA,NA,NA,"task_y_flips","valence","iqr_out_3.5"
"..2","lmerModLmerTest",-7.09670785657545,0.000827825763253918,5,2,4.13014464957087,0.126809118794018,"task_y_flips","valence","iqr_out_3.5"
"..3","lmerModLmerTest",-9.08725745893935,0.000113097818989642,7,2,0.149045444843068,0.928186383177106,"task_y_flips","valence","iqr_out_3.5"
"..1","lmerModLmerTest",NA,NA,3,NA,NA,NA,"trial_mean_duration","valence","iqr_out_3.5"
"..2","lmerModLmerTest",-7.55776789254014,0.000522039191947859,5,2,3.20802457764148,0.201088073792934,"trial_mean_duration","valence","iqr_out_3.5"
"..3","lmerModLmerTest",-1.94683746986811,0.142724729859467,7,2,14.4298854229855,0.000735512728989422,"trial_mean_duration","valence","iqr_out_3.5"
"..1","lmerModLmerTest",NA,NA,3,NA,NA,NA,"trial_sd_duration","valence","iqr_out_3.5"
"..2","lmerModLmerTest",-8.71806066806857,0.000163604166245994,5,2,0.887439026584616,0.641645368586603,"trial_sd_duration","valence","iqr_out_3.5"
"..3","lmerModLmerTest",-6.405651856654,0.00165219287768163,7,2,5.51225664941376,0.0635372885159254,"trial_sd_duration","valence","iqr_out_3.5"
"..1","lmerModLmerTest",NA,NA,3,NA,NA,NA,"trial_mean_trial_move_offset","valence","iqr_out_3.5"
"..2","lmerModLmerTest",-8.25177726130096,0.00026079464494708,5,2,1.82000584011985,0.402523048640497,"trial_mean_trial_move_offset","valence","iqr_out_3.5"
"..3","lmerModLmerTest",-0.600374532727073,0.548606126662717,7,2,17.1228112972676,0.000191350133458779,"trial_mean_trial_move_offset","valence","iqr_out_3.5"
"..1","lmerModLmerTest",NA,NA,3,NA,NA,NA,"trial_sd_trial_move_offset","valence","iqr_out_3.5"
"..2","lmerModLmerTest",-8.06856029836126,0.000313233919982986,5,2,2.18643976599924,0.335135656952212,"trial_sd_trial_move_offset","valence","iqr_out_3.5"
"..3","lmerModLmerTest",-3.11207019921494,0.0445087179853354,7,2,12.0994199642919,0.00235854592773941,"trial_sd_trial_move_offset","valence","iqr_out_3.5"
"..1","lmerModLmerTest",NA,NA,3,NA,NA,NA,"trial_mean_total_dist","valence","iqr_out_3.5"
"..2","lmerModLmerTest",-9.04666933355111,0.000117782679159969,5,2,0.230221695619548,0.891267343398084,"trial_mean_total_dist","valence","iqr_out_3.5"
"..3","lmerModLmerTest",-3.39169666344424,0.0336515331103206,7,2,11.5401670358333,0.0031194969693972,"trial_mean_total_dist","valence","iqr_out_3.5"
"..1","lmerModLmerTest",NA,NA,3,NA,NA,NA,"trial_sd_total_dist","valence","iqr_out_3.5"
"..2","lmerModLmerTest",-8.8004945910252,0.000150658542302478,5,2,0.722571180671366,0.696779976421476,"trial_sd_total_dist","valence","iqr_out_3.5"
"..3","lmerModLmerTest",-8.72490209234638,0.000162488700768173,7,2,0.873756178028998,0.646050187224935,"trial_sd_total_dist","valence","iqr_out_3.5"
"..1","lmerModLmerTest",NA,NA,3,NA,NA,NA,"trial_sd_distance_overshoot","valence","iqr_out_3.5"
"..2","lmerModLmerTest",-7.01139256617716,0.000901552242666774,5,2,4.30077523036744,0.116439015494763,"trial_sd_distance_overshoot","valence","iqr_out_3.5"
"..3","lmerModLmerTest",-7.96723095270863,0.000346637513845823,7,2,2.3890984573045,0.302840435210096,"trial_sd_distance_overshoot","valence","iqr_out_3.5"
"..1","lmerModLmerTest",NA,NA,3,NA,NA,NA,"trial_sd_speed_mean","valence","iqr_out_3.5"
"..2","lmerModLmerTest",-7.62040753526526,0.000490341958747973,5,2,3.08274529219125,0.214087033916611,"trial_sd_speed_mean","valence","iqr_out_3.5"
"..3","lmerModLmerTest",-5.74646529224083,0.00319405090301909,7,2,6.83062977824011,0.0328660559084982,"trial_sd_speed_mean","valence","iqr_out_3.5"
"..1","lmerModLmerTest",NA,NA,3,NA,NA,NA,"trial_sd_speed_sd","valence","iqr_out_3.5"
"..2","lmerModLmerTest",-7.66174143341959,0.000470487374546205,5,2,3.00007749588258,0.223121514481586,"trial_sd_speed_sd","valence","iqr_out_3.5"
"..3","lmerModLmerTest",-8.77359426633848,0.00015476630842373,7,2,0.776371830044809,0.678286227941836,"trial_sd_speed_sd","valence","iqr_out_3.5"
"..1","lmerModLmerTest",NA,NA,3,NA,NA,NA,"trial_sd_abs_jerk_sd","valence","iqr_out_3.5"
"..2","lmerModLmerTest",-9.1402118169317,0.00010726460664539,5,2,0.0431367288583715,0.978662569474183,"trial_sd_abs_jerk_sd","valence","iqr_out_3.5"
"..3","lmerModLmerTest",-2.04241580223243,0.129714966353355,7,2,14.2387287582569,0.000809280983562459,"trial_sd_abs_jerk_sd","valence","iqr_out_3.5"
"..1","lmerModLmerTest",NA,NA,3,NA,NA,NA,"trial_mean_angle_mean","valence","iqr_out_3.5"
"..2","lmerModLmerTest",-8.21668804815636,0.000270108170380997,5,2,1.89018426640905,0.38864376225696,"trial_mean_angle_mean","valence","iqr_out_3.5"
"..3","lmerModLmerTest",-5.29825028372943,0.00500033542534354,7,2,7.7270597952629,0.0209937627426269,"trial_mean_angle_mean","valence","iqr_out_3.5"
"..1","lmerModLmerTest",NA,NA,3,NA,NA,NA,"trial_sd_angle_mean","valence","iqr_out_3.5"
"..2","lmerModLmerTest",-8.9052546351304,0.000135674132074117,5,2,0.513051092460955,0.773735228288526,"trial_sd_angle_mean","valence","iqr_out_3.5"
"..3","lmerModLmerTest",-9.04819019983552,0.000117603683603003,7,2,0.22717996305073,0.892623873139752,"trial_sd_angle_mean","valence","iqr_out_3.5"
"..1","lmerModLmerTest",NA,NA,3,NA,NA,NA,"trial_mean_angle_sd","valence","iqr_out_3.5"
"..2","lmerModLmerTest",-8.38441671247892,0.000228398941985929,5,2,1.55472693776392,0.459616207677889,"trial_mean_angle_sd","valence","iqr_out_3.5"
"..3","lmerModLmerTest",-9.15501615875473,0.000105688321464649,7,2,0.013528045212297,0.993258801903931,"trial_mean_angle_sd","valence","iqr_out_3.5"
"..1","lmerModLmerTest",NA,NA,3,NA,NA,NA,"trial_sd_angle_sd","valence","iqr_out_3.5"
"..2","lmerModLmerTest",-5.83007371187341,0.00293786041704685,5,2,6.66341293897494,0.0357320773118067,"trial_sd_angle_sd","valence","iqr_out_3.5"
"..3","lmerModLmerTest",-8.94771057891012,0.000130034523301074,7,2,0.428139204901527,0.807292193552019,"trial_sd_angle_sd","valence","iqr_out_3.5"
"..1","lmerModLmerTest",NA,NA,3,NA,NA,NA,"trial_sd_x_flips","valence","iqr_out_3.5"
"..2","lmerModLmerTest",-9.118461616079,0.000109623190236963,5,2,0.0866371305637585,0.95760628135614,"trial_sd_x_flips","valence","iqr_out_3.5"
"..3","lmerModLmerTest",-8.90738677562149,0.000135385163933337,7,2,0.508786811478785,0.775386700457844,"trial_sd_x_flips","valence","iqr_out_3.5"
"..1","lmerModLmerTest",NA,NA,3,NA,NA,NA,"trial_sd_y_flips","valence","iqr_out_3.5"
"..2","lmerModLmerTest",-8.21909402499296,0.000269459077543968,5,2,1.88537231273585,0.389579955925165,"trial_sd_y_flips","valence","iqr_out_3.5"
"..3","lmerModLmerTest",-9.00415954551681,0.000122897541517685,7,2,0.315241271688137,0.8541737634199,"trial_sd_y_flips","valence","iqr_out_3.5"
