"Component","Parameter","Std_Coefficient","CI","CI_low","CI_high","iv","dv","dframe"
"rewb-contextual","(Intercept)",0,0.95,0,0,"clicks","arousal","cutoff_0"
"within","clicks_within",-0.0102497684124296,0.95,-0.0313385796094632,0.0108390427846039,"clicks","arousal","cutoff_0"
"between","clicks_between",-0.195398789968415,0.95,-0.345102522249314,-0.0456950576875167,"clicks","arousal","cutoff_0"
"rewb-contextual","(Intercept)",0,0.95,0,0,"task_total_dist","arousal","cutoff_0"
"within","task_total_dist_within",-0.0601253192397457,0.95,-0.08703119982649,-0.0332194386530015,"task_total_dist","arousal","cutoff_0"
"between","task_total_dist_between",-0.0242978461336855,0.95,-0.175368679557436,0.126772987290065,"task_total_dist","arousal","cutoff_0"
"rewb-contextual","(Intercept)",0,0.95,0,0,"task_angle_sd","arousal","cutoff_0"
"within","task_angle_sd_within",-0.0246208405607329,0.95,-0.0448229394037014,-0.00441874171776441,"task_angle_sd","arousal","cutoff_0"
"between","task_angle_sd_between",-0.17652637476674,0.95,-0.32616352645556,-0.0268892230779207,"task_angle_sd","arousal","cutoff_0"
"rewb-contextual","(Intercept)",0,0.95,0,0,"task_x_flips","arousal","cutoff_0"
"within","task_x_flips_within",-0.0497730632066436,0.95,-0.0732692940160192,-0.0262768323972679,"task_x_flips","arousal","cutoff_0"
"between","task_x_flips_between",-0.0564315375353346,0.95,-0.207341511503069,0.0944784364323997,"task_x_flips","arousal","cutoff_0"
"rewb-contextual","(Intercept)",0,0.95,0,0,"task_y_flips","arousal","cutoff_0"
"within","task_y_flips_within",-0.0356447846573505,0.95,-0.0598644999504629,-0.0114250693642382,"task_y_flips","arousal","cutoff_0"
"between","task_y_flips_between",-0.132736921289845,0.95,-0.283357945426126,0.0178841028464366,"task_y_flips","arousal","cutoff_0"
"rewb-contextual","(Intercept)",0,0.95,0,0,"trial_sd_duration","arousal","cutoff_0"
"within","trial_sd_duration_within",-0.00892169683697345,0.95,-0.0303505482564534,0.0125071545825065,"trial_sd_duration","arousal","cutoff_0"
"between","trial_sd_duration_between",0.151599517421542,0.95,0.000792247935602563,0.302406786907481,"trial_sd_duration","arousal","cutoff_0"
"rewb-contextual","(Intercept)",0,0.95,0,0,"trial_mean_trial_move_offset","arousal","cutoff_0"
"within","trial_mean_trial_move_offset_within",0.0454723740020879,0.95,0.0192225719131218,0.071722176091054,"trial_mean_trial_move_offset","arousal","cutoff_0"
"between","trial_mean_trial_move_offset_between",0.162819159276059,0.95,0.0156414623098281,0.30999685624229,"trial_mean_trial_move_offset","arousal","cutoff_0"
"rewb-contextual","(Intercept)",0,0.95,0,0,"trial_sd_trial_move_offset","arousal","cutoff_0"
"within","trial_sd_trial_move_offset_within",0.0118515852212686,0.95,-0.00746410176171275,0.0311672722042499,"trial_sd_trial_move_offset","arousal","cutoff_0"
"between","trial_sd_trial_move_offset_between",0.207334116058567,0.95,0.058699022503768,0.355969209613367,"trial_sd_trial_move_offset","arousal","cutoff_0"
"rewb-contextual","(Intercept)",0,0.95,0,0,"trial_sd_total_dist","arousal","cutoff_0"
"within","trial_sd_total_dist_within",-0.0217015052948174,0.95,-0.0441261745334269,0.000723163943792047,"trial_sd_total_dist","arousal","cutoff_0"
"between","trial_sd_total_dist_between",-0.0310913339206535,0.95,-0.183059172693442,0.120876504852135,"trial_sd_total_dist","arousal","cutoff_0"
"rewb-contextual","(Intercept)",0,0.95,0,0,"trial_sd_distance_overshoot","arousal","cutoff_0"
"within","trial_sd_distance_overshoot_within",-0.0527258040673736,0.95,-0.0775277386671347,-0.0279238694676125,"trial_sd_distance_overshoot","arousal","cutoff_0"
"between","trial_sd_distance_overshoot_between",-0.119128637685191,0.95,-0.268775943614331,0.0305186682439487,"trial_sd_distance_overshoot","arousal","cutoff_0"
"rewb-contextual","(Intercept)",0,0.95,0,0,"trial_mean_speed_mean","arousal","cutoff_0"
"within","trial_mean_speed_mean_within",-0.051636664026811,0.95,-0.0810739995284691,-0.0221993285251529,"trial_mean_speed_mean","arousal","cutoff_0"
"between","trial_mean_speed_mean_between",-0.129319094452453,0.95,-0.27800739735448,0.0193692084495748,"trial_mean_speed_mean","arousal","cutoff_0"
"rewb-contextual","(Intercept)",0,0.95,0,0,"trial_sd_speed_mean","arousal","cutoff_0"
"within","trial_sd_speed_mean_within",-0.0214091707838989,0.95,-0.0448386917856996,0.00202035021790191,"trial_sd_speed_mean","arousal","cutoff_0"
"between","trial_sd_speed_mean_between",-0.139929331489651,0.95,-0.28986462740489,0.0100059644255887,"trial_sd_speed_mean","arousal","cutoff_0"
"rewb-contextual","(Intercept)",0,0.95,0,0,"trial_mean_speed_sd","arousal","cutoff_0"
"within","trial_mean_speed_sd_within",-0.0407313018847052,0.95,-0.0668503210056804,-0.01461228276373,"trial_mean_speed_sd","arousal","cutoff_0"
"between","trial_mean_speed_sd_between",-0.15480845786423,0.95,-0.30426046959278,-0.00535644613568081,"trial_mean_speed_sd","arousal","cutoff_0"
"rewb-contextual","(Intercept)",0,0.95,0,0,"trial_sd_speed_sd","arousal","cutoff_0"
"within","trial_sd_speed_sd_within",-0.017652302799274,0.95,-0.0400182350217247,0.00471362942317665,"trial_sd_speed_sd","arousal","cutoff_0"
"between","trial_sd_speed_sd_between",-0.135498996887799,0.95,-0.286386527041284,0.0153885332656868,"trial_sd_speed_sd","arousal","cutoff_0"
"rewb-contextual","(Intercept)",0,0.95,0,0,"trial_sd_abs_jerk_sd","arousal","cutoff_0"
"within","trial_sd_abs_jerk_sd_within",-0.0194214617734393,0.95,-0.0405686885049438,0.00172576495806532,"trial_sd_abs_jerk_sd","arousal","cutoff_0"
"between","trial_sd_abs_jerk_sd_between",-0.0270976654420533,0.95,-0.179024274357694,0.124828943473587,"trial_sd_abs_jerk_sd","arousal","cutoff_0"
"rewb-contextual","(Intercept)",0,0.95,0,0,"trial_mean_angle_mean","arousal","cutoff_0"
"within","trial_mean_angle_mean_within",-0.0391580338874281,0.95,-0.0628442309075734,-0.0154718368672828,"trial_mean_angle_mean","arousal","cutoff_0"
"between","trial_mean_angle_mean_between",-0.155944183770221,0.95,-0.305191723672252,-0.00669664386819018,"trial_mean_angle_mean","arousal","cutoff_0"
"rewb-contextual","(Intercept)",0,0.95,0,0,"trial_sd_angle_mean","arousal","cutoff_0"
"within","trial_sd_angle_mean_within",0.00551011828174955,0.95,-0.013438896222726,0.0244591327862251,"trial_sd_angle_mean","arousal","cutoff_0"
"between","trial_sd_angle_mean_between",-0.125099313913726,0.95,-0.276005154893882,0.0258065270664305,"trial_sd_angle_mean","arousal","cutoff_0"
"rewb-contextual","(Intercept)",0,0.95,0,0,"trial_mean_angle_sd","arousal","cutoff_0"
"within","trial_mean_angle_sd_within",-0.0307296212370965,0.95,-0.0533278604836508,-0.0081313819905421,"trial_mean_angle_sd","arousal","cutoff_0"
"between","trial_mean_angle_sd_between",-0.14912045058393,0.95,-0.29965747621321,0.00141657504534961,"trial_mean_angle_sd","arousal","cutoff_0"
"rewb-contextual","(Intercept)",0,0.95,0,0,"trial_sd_angle_sd","arousal","cutoff_0"
"within","trial_sd_angle_sd_within",0.00664192966735205,0.95,-0.012288422378389,0.0255722817130931,"trial_sd_angle_sd","arousal","cutoff_0"
"between","trial_sd_angle_sd_between",-0.196558786240971,0.95,-0.345765010898872,-0.0473525615830702,"trial_sd_angle_sd","arousal","cutoff_0"
"rewb-contextual","(Intercept)",0,0.95,0,0,"trial_sd_x_flips","arousal","cutoff_0"
"within","trial_sd_x_flips_within",-0.0315696310299556,0.95,-0.050600854815156,-0.0125384072447553,"trial_sd_x_flips","arousal","cutoff_0"
"between","trial_sd_x_flips_between",0.0128400378500092,0.95,-0.139090878089228,0.164770953789247,"trial_sd_x_flips","arousal","cutoff_0"
"rewb-contextual","(Intercept)",0,0.95,0,0,"trial_sd_y_flips","arousal","cutoff_0"
"within","trial_sd_y_flips_within",-0.0118571557303251,0.95,-0.0317010645196057,0.00798675305895554,"trial_sd_y_flips","arousal","cutoff_0"
"between","trial_sd_y_flips_between",-0.0880173302457057,0.95,-0.239456946077874,0.063422285586463,"trial_sd_y_flips","arousal","cutoff_0"
"rewb-contextual","(Intercept)",0,0.95,0,0,"clicks","valence","cutoff_0"
"within","clicks_within",0.00384695798150919,0.95,-0.0187369898362258,0.0264309057992442,"clicks","valence","cutoff_0"
"between","clicks_between",-0.237285746396729,0.95,-0.384694771806979,-0.0898767209864786,"clicks","valence","cutoff_0"
"rewb-contextual","(Intercept)",0,0.95,0,0,"task_total_dist","valence","cutoff_0"
"within","task_total_dist_within",-0.00816103624428961,0.95,-0.0349350831440513,0.0186130106554721,"task_total_dist","valence","cutoff_0"
"between","task_total_dist_between",-0.00552224024013765,0.95,-0.157225695974292,0.146181215494017,"task_total_dist","valence","cutoff_0"
"rewb-contextual","(Intercept)",0,0.95,0,0,"task_angle_sd","valence","cutoff_0"
"within","task_angle_sd_within",0.00436321163490798,0.95,-0.0174018411313425,0.0261282644011584,"task_angle_sd","valence","cutoff_0"
"between","task_angle_sd_between",-0.104158706718417,0.95,-0.254911954254633,0.0465945408177987,"task_angle_sd","valence","cutoff_0"
"rewb-contextual","(Intercept)",0,0.95,0,0,"task_x_flips","valence","cutoff_0"
"within","task_x_flips_within",-0.0134760597282316,0.95,-0.0367458335351563,0.00979371407869322,"task_x_flips","valence","cutoff_0"
"between","task_x_flips_between",-0.0447213265400099,0.95,-0.196197067304158,0.106754414224138,"task_x_flips","valence","cutoff_0"
"rewb-contextual","(Intercept)",0,0.95,0,0,"task_y_flips","valence","cutoff_0"
"within","task_y_flips_within",0.00196377984328052,0.95,-0.0205513099894497,0.0244788696760108,"task_y_flips","valence","cutoff_0"
"between","task_y_flips_between",-0.100647548645094,0.95,-0.25143063022809,0.0501355329379026,"task_y_flips","valence","cutoff_0"
"rewb-contextual","(Intercept)",0,0.95,0,0,"trial_sd_duration","valence","cutoff_0"
"within","trial_sd_duration_within",-0.00119324635403514,0.95,-0.0227829541569655,0.0203964614488952,"trial_sd_duration","valence","cutoff_0"
"between","trial_sd_duration_between",0.0399214205755433,0.95,-0.11196297658224,0.191805817733326,"trial_sd_duration","valence","cutoff_0"
"rewb-contextual","(Intercept)",0,0.95,0,0,"trial_mean_trial_move_offset","valence","cutoff_0"
"within","trial_mean_trial_move_offset_within",0.00134556712397245,0.95,-0.0221773098551973,0.0248684441031422,"trial_mean_trial_move_offset","valence","cutoff_0"
"between","trial_mean_trial_move_offset_between",0.109761345717005,0.95,-0.0406470521339966,0.260169743568007,"trial_mean_trial_move_offset","valence","cutoff_0"
"rewb-contextual","(Intercept)",0,0.95,0,0,"trial_sd_trial_move_offset","valence","cutoff_0"
"within","trial_sd_trial_move_offset_within",0.00319235531496324,0.95,-0.0164946499296072,0.0228793605595336,"trial_sd_trial_move_offset","valence","cutoff_0"
"between","trial_sd_trial_move_offset_between",0.153714292718719,0.95,0.00367064153343335,0.303757943904004,"trial_sd_trial_move_offset","valence","cutoff_0"
"rewb-contextual","(Intercept)",0,0.95,0,0,"trial_sd_total_dist","valence","cutoff_0"
"within","trial_sd_total_dist_within",-0.0181422516111502,0.95,-0.0412581903157821,0.00497368709348168,"trial_sd_total_dist","valence","cutoff_0"
"between","trial_sd_total_dist_between",-0.0212423139441952,0.95,-0.172458390351775,0.129973762463384,"trial_sd_total_dist","valence","cutoff_0"
"rewb-contextual","(Intercept)",0,0.95,0,0,"trial_sd_distance_overshoot","valence","cutoff_0"
"within","trial_sd_distance_overshoot_within",0.00371494994451331,0.95,-0.0190134868631827,0.0264433867522093,"trial_sd_distance_overshoot","valence","cutoff_0"
"between","trial_sd_distance_overshoot_between",-0.126353858641806,0.95,-0.276955123456484,0.0242474061728731,"trial_sd_distance_overshoot","valence","cutoff_0"
"rewb-contextual","(Intercept)",0,0.95,0,0,"trial_mean_speed_mean","valence","cutoff_0"
"within","trial_mean_speed_mean_within",0.0130332818010774,0.95,-0.0152971821641875,0.0413637457663424,"trial_mean_speed_mean","valence","cutoff_0"
"between","trial_mean_speed_mean_between",-0.0905785964849971,0.95,-0.241233807907896,0.0600766149379022,"trial_mean_speed_mean","valence","cutoff_0"
"rewb-contextual","(Intercept)",0,0.95,0,0,"trial_sd_speed_mean","valence","cutoff_0"
"within","trial_sd_speed_mean_within",0.000835896188821229,0.95,-0.021760102453273,0.0234318948309155,"trial_sd_speed_mean","valence","cutoff_0"
"between","trial_sd_speed_mean_between",-0.118089542026565,0.95,-0.268813676772897,0.0326345927197662,"trial_sd_speed_mean","valence","cutoff_0"
"rewb-contextual","(Intercept)",0,0.95,0,0,"trial_mean_speed_sd","valence","cutoff_0"
"within","trial_mean_speed_sd_within",0.00662855832021729,0.95,-0.0190667914648516,0.0323239081052862,"trial_mean_speed_sd","valence","cutoff_0"
"between","trial_mean_speed_sd_between",-0.105969876918323,0.95,-0.256624765182314,0.0446850113456673,"trial_mean_speed_sd","valence","cutoff_0"
"rewb-contextual","(Intercept)",0,0.95,0,0,"trial_sd_speed_sd","valence","cutoff_0"
"within","trial_sd_speed_sd_within",-0.0078311725238397,0.95,-0.0296444133309833,0.0139820682833039,"trial_sd_speed_sd","valence","cutoff_0"
"between","trial_sd_speed_sd_between",-0.108789499433077,0.95,-0.259703215196465,0.0421242163303117,"trial_sd_speed_sd","valence","cutoff_0"
"rewb-contextual","(Intercept)",0,0.95,0,0,"trial_sd_abs_jerk_sd","valence","cutoff_0"
"within","trial_sd_abs_jerk_sd_within",-0.0106860696689332,0.95,-0.0349137944717864,0.0135416551339199,"trial_sd_abs_jerk_sd","valence","cutoff_0"
"between","trial_sd_abs_jerk_sd_between",0.0223487911774762,0.95,-0.12924405621497,0.173941638569923,"trial_sd_abs_jerk_sd","valence","cutoff_0"
"rewb-contextual","(Intercept)",0,0.95,0,0,"trial_mean_angle_mean","valence","cutoff_0"
"within","trial_mean_angle_mean_within",0.0111245832493079,0.95,-0.0118924056513259,0.0341415721499418,"trial_mean_angle_mean","valence","cutoff_0"
"between","trial_mean_angle_mean_between",-0.075690770098072,0.95,-0.226939168308399,0.0755576281122554,"trial_mean_angle_mean","valence","cutoff_0"
"rewb-contextual","(Intercept)",0,0.95,0,0,"trial_sd_angle_mean","valence","cutoff_0"
"within","trial_sd_angle_mean_within",0.00368505188846942,0.95,-0.0153413100448057,0.0227114138217445,"trial_sd_angle_mean","valence","cutoff_0"
"between","trial_sd_angle_mean_between",-0.0467081510009804,0.95,-0.198292812267212,0.104876510265251,"trial_sd_angle_mean","valence","cutoff_0"
"rewb-contextual","(Intercept)",0,0.95,0,0,"trial_mean_angle_sd","valence","cutoff_0"
"within","trial_mean_angle_sd_within",-0.00645318312598657,0.95,-0.0272214870470087,0.0143151207950356,"trial_mean_angle_sd","valence","cutoff_0"
"between","trial_mean_angle_sd_between",-0.0919444395072675,0.95,-0.243077055275251,0.0591881762607163,"trial_mean_angle_sd","valence","cutoff_0"
"rewb-contextual","(Intercept)",0,0.95,0,0,"trial_sd_angle_sd","valence","cutoff_0"
"within","trial_sd_angle_sd_within",0.0089716756774534,0.95,-0.0109472743966762,0.028890625751583,"trial_sd_angle_sd","valence","cutoff_0"
"between","trial_sd_angle_sd_between",-0.17431842968124,0.95,-0.32372034919304,-0.0249165101694395,"trial_sd_angle_sd","valence","cutoff_0"
"rewb-contextual","(Intercept)",0,0.95,0,0,"trial_sd_x_flips","valence","cutoff_0"
"within","trial_sd_x_flips_within",-0.00770964784970163,0.95,-0.0276942970074251,0.0122750013080219,"trial_sd_x_flips","valence","cutoff_0"
"between","trial_sd_x_flips_between",-0.0231463228993528,0.95,-0.174969298328664,0.128676652529958,"trial_sd_x_flips","valence","cutoff_0"
"rewb-contextual","(Intercept)",0,0.95,0,0,"trial_sd_y_flips","valence","cutoff_0"
"within","trial_sd_y_flips_within",-0.00520751393011691,0.95,-0.0251604517669981,0.0147454239067643,"trial_sd_y_flips","valence","cutoff_0"
"between","trial_sd_y_flips_between",-0.0951360359497465,0.95,-0.246127227590106,0.055855155690613,"trial_sd_y_flips","valence","cutoff_0"
"rewb-contextual","(Intercept)",0,0.95,0,0,"clicks","arousal","iqr_out_2.5"
"within","clicks_within",0.00278699497509267,0.95,-0.0182101074505124,0.0237840974006977,"clicks","arousal","iqr_out_2.5"
"between","clicks_between",-0.265907110034506,0.95,-0.41374318856773,-0.118071031501282,"clicks","arousal","iqr_out_2.5"
"rewb-contextual","(Intercept)",0,0.95,0,0,"task_angle_sd","arousal","iqr_out_2.5"
"within","task_angle_sd_within",-0.0313133135699133,0.95,-0.0522631919327297,-0.0103634352070969,"task_angle_sd","arousal","iqr_out_2.5"
"between","task_angle_sd_between",-0.160655181501835,0.95,-0.311269613424238,-0.0100407495794315,"task_angle_sd","arousal","iqr_out_2.5"
"rewb-contextual","(Intercept)",0,0.95,0,0,"task_x_flips","arousal","iqr_out_2.5"
"within","task_x_flips_within",-0.041479252536453,0.95,-0.0661063400864365,-0.0168521649864695,"task_x_flips","arousal","iqr_out_2.5"
"between","task_x_flips_between",-0.0580525118737963,0.95,-0.209855614190111,0.093750590442518,"task_x_flips","arousal","iqr_out_2.5"
"rewb-contextual","(Intercept)",0,0.95,0,0,"task_y_flips","arousal","iqr_out_2.5"
"within","task_y_flips_within",-0.031723382253825,0.95,-0.0584995784809973,-0.00494718602665278,"task_y_flips","arousal","iqr_out_2.5"
"between","task_y_flips_between",-0.146790663938748,0.95,-0.297785104174537,0.0042037762970403,"task_y_flips","arousal","iqr_out_2.5"
"rewb-contextual","(Intercept)",0,0.95,0,0,"trial_mean_duration","arousal","iqr_out_2.5"
"within","trial_mean_duration_within",0.0262158554747172,0.95,-0.000357661421819602,0.052789372371254,"trial_mean_duration","arousal","iqr_out_2.5"
"between","trial_mean_duration_between",0.181813063440235,0.95,0.0318847004397299,0.331741426440741,"trial_mean_duration","arousal","iqr_out_2.5"
"rewb-contextual","(Intercept)",0,0.95,0,0,"trial_sd_duration","arousal","iqr_out_2.5"
"within","trial_sd_duration_within",0.00430858419589762,0.95,-0.0187230003228077,0.027340168714603,"trial_sd_duration","arousal","iqr_out_2.5"
"between","trial_sd_duration_between",0.101457832777836,0.95,-0.0506414614941494,0.253557127049821,"trial_sd_duration","arousal","iqr_out_2.5"
"rewb-contextual","(Intercept)",0,0.95,0,0,"trial_mean_trial_move_offset","arousal","iqr_out_2.5"
"within","trial_mean_trial_move_offset_within",0.0487951306719814,0.95,0.0213516171698041,0.0762386441741586,"trial_mean_trial_move_offset","arousal","iqr_out_2.5"
"between","trial_mean_trial_move_offset_between",0.143011847434797,0.95,-0.00567635825152714,0.291700053121121,"trial_mean_trial_move_offset","arousal","iqr_out_2.5"
"rewb-contextual","(Intercept)",0,0.95,0,0,"trial_sd_trial_move_offset","arousal","iqr_out_2.5"
"within","trial_sd_trial_move_offset_within",0.00879581422970368,0.95,-0.0137503801617295,0.0313420086211368,"trial_sd_trial_move_offset","arousal","iqr_out_2.5"
"between","trial_sd_trial_move_offset_between",0.11747436233667,0.95,-0.0341885391775687,0.26913726385091,"trial_sd_trial_move_offset","arousal","iqr_out_2.5"
"rewb-contextual","(Intercept)",0,0.95,0,0,"trial_mean_total_dist","arousal","iqr_out_2.5"
"within","trial_mean_total_dist_within",-0.0556984391075005,0.95,-0.0839156722368117,-0.0274812059781892,"trial_mean_total_dist","arousal","iqr_out_2.5"
"between","trial_mean_total_dist_between",-0.0344115920495978,0.95,-0.185589619170316,0.11676643507112,"trial_mean_total_dist","arousal","iqr_out_2.5"
"rewb-contextual","(Intercept)",0,0.95,0,0,"trial_sd_total_dist","arousal","iqr_out_2.5"
"within","trial_sd_total_dist_within",-0.00737141942421662,0.95,-0.0301049701658788,0.0153621313174456,"trial_sd_total_dist","arousal","iqr_out_2.5"
"between","trial_sd_total_dist_between",-0.0416961567432854,0.95,-0.194348755706421,0.110956442219851,"trial_sd_total_dist","arousal","iqr_out_2.5"
"rewb-contextual","(Intercept)",0,0.95,0,0,"trial_sd_distance_overshoot","arousal","iqr_out_2.5"
"within","trial_sd_distance_overshoot_within",-0.052400476098894,0.95,-0.0780906135162633,-0.0267103386815247,"trial_sd_distance_overshoot","arousal","iqr_out_2.5"
"between","trial_sd_distance_overshoot_between",-0.138021803815297,0.95,-0.285988382837158,0.00994477520656414,"trial_sd_distance_overshoot","arousal","iqr_out_2.5"
"rewb-contextual","(Intercept)",0,0.95,0,0,"trial_mean_speed_mean","arousal","iqr_out_2.5"
"within","trial_mean_speed_mean_within",-0.060119955420284,0.95,-0.0891372008385944,-0.0311027100019735,"trial_mean_speed_mean","arousal","iqr_out_2.5"
"between","trial_mean_speed_mean_between",-0.112513425650911,0.95,-0.262669945619858,0.0376430943180352,"trial_mean_speed_mean","arousal","iqr_out_2.5"
"rewb-contextual","(Intercept)",0,0.95,0,0,"trial_sd_speed_mean","arousal","iqr_out_2.5"
"within","trial_sd_speed_mean_within",-0.0186966862017159,0.95,-0.0444238318180211,0.00703045941458929,"trial_sd_speed_mean","arousal","iqr_out_2.5"
"between","trial_sd_speed_mean_between",-0.132274262871315,0.95,-0.283839528675757,0.0192910029331272,"trial_sd_speed_mean","arousal","iqr_out_2.5"
"rewb-contextual","(Intercept)",0,0.95,0,0,"trial_sd_speed_sd","arousal","iqr_out_2.5"
"within","trial_sd_speed_sd_within",-0.0105509762405534,0.95,-0.0346485021598711,0.0135465496787643,"trial_sd_speed_sd","arousal","iqr_out_2.5"
"between","trial_sd_speed_sd_between",-0.173466904204959,0.95,-0.323904690342544,-0.0230291180673751,"trial_sd_speed_sd","arousal","iqr_out_2.5"
"rewb-contextual","(Intercept)",0,0.95,0,0,"trial_sd_abs_jerk_mean","arousal","iqr_out_2.5"
"within","trial_sd_abs_jerk_mean_within",-0.0276269610910311,0.95,-0.0490631269439028,-0.00619079523815935,"trial_sd_abs_jerk_mean","arousal","iqr_out_2.5"
"between","trial_sd_abs_jerk_mean_between",-0.0899455325679949,0.95,-0.241708793962179,0.0618177288261894,"trial_sd_abs_jerk_mean","arousal","iqr_out_2.5"
"rewb-contextual","(Intercept)",0,0.95,0,0,"trial_sd_abs_jerk_sd","arousal","iqr_out_2.5"
"within","trial_sd_abs_jerk_sd_within",-0.0207390578918859,0.95,-0.042586828768706,0.00110871298493415,"trial_sd_abs_jerk_sd","arousal","iqr_out_2.5"
"between","trial_sd_abs_jerk_sd_between",-0.0856864860398618,0.95,-0.237131700373502,0.0657587282937788,"trial_sd_abs_jerk_sd","arousal","iqr_out_2.5"
"rewb-contextual","(Intercept)",0,0.95,0,0,"trial_mean_angle_mean","arousal","iqr_out_2.5"
"within","trial_mean_angle_mean_within",-0.0450309002704718,0.95,-0.0699315665107765,-0.0201302340301671,"trial_mean_angle_mean","arousal","iqr_out_2.5"
"between","trial_mean_angle_mean_between",-0.13908490371663,0.95,-0.289384259248673,0.0112144518154139,"trial_mean_angle_mean","arousal","iqr_out_2.5"
"rewb-contextual","(Intercept)",0,0.95,0,0,"trial_sd_angle_mean","arousal","iqr_out_2.5"
"within","trial_sd_angle_mean_within",0.00138898769773266,0.95,-0.0195924157755613,0.0223703911710266,"trial_sd_angle_mean","arousal","iqr_out_2.5"
"between","trial_sd_angle_mean_between",-0.13038100264386,0.95,-0.282062618665771,0.0213006133780513,"trial_sd_angle_mean","arousal","iqr_out_2.5"
"rewb-contextual","(Intercept)",0,0.95,0,0,"trial_mean_angle_sd","arousal","iqr_out_2.5"
"within","trial_mean_angle_sd_within",-0.0318038586593228,0.95,-0.0548063657633114,-0.00880135155533423,"trial_mean_angle_sd","arousal","iqr_out_2.5"
"between","trial_mean_angle_sd_between",-0.155212888105273,0.95,-0.306029874284031,-0.00439590192651446,"trial_mean_angle_sd","arousal","iqr_out_2.5"
"rewb-contextual","(Intercept)",0,0.95,0,0,"trial_sd_angle_sd","arousal","iqr_out_2.5"
"within","trial_sd_angle_sd_within",-0.000258352023553045,0.95,-0.021209645892573,0.0206929418454669,"trial_sd_angle_sd","arousal","iqr_out_2.5"
"between","trial_sd_angle_sd_between",-0.180129116184807,0.95,-0.330212160578881,-0.0300460717907322,"trial_sd_angle_sd","arousal","iqr_out_2.5"
"rewb-contextual","(Intercept)",0,0.95,0,0,"trial_sd_x_flips","arousal","iqr_out_2.5"
"within","trial_sd_x_flips_within",-0.0236979233630886,0.95,-0.0453001375915052,-0.00209570913467197,"trial_sd_x_flips","arousal","iqr_out_2.5"
"between","trial_sd_x_flips_between",0.0128992654852057,0.95,-0.139622878799566,0.165421409769977,"trial_sd_x_flips","arousal","iqr_out_2.5"
"rewb-contextual","(Intercept)",0,0.95,0,0,"trial_sd_y_flips","arousal","iqr_out_2.5"
"within","trial_sd_y_flips_within",-0.00151006353768552,0.95,-0.0225939811427636,0.0195738540673926,"trial_sd_y_flips","arousal","iqr_out_2.5"
"between","trial_sd_y_flips_between",-0.111286414835372,0.95,-0.263003118496332,0.0404302888255872,"trial_sd_y_flips","arousal","iqr_out_2.5"
"rewb-contextual","(Intercept)",0,0.95,0,0,"clicks","valence","iqr_out_2.5"
"within","clicks_within",0.0163204947730741,0.95,-0.00471094151235862,0.0373519310585069,"clicks","valence","iqr_out_2.5"
"between","clicks_between",-0.256094510087178,0.95,-0.403648100180247,-0.108540919994108,"clicks","valence","iqr_out_2.5"
"rewb-contextual","(Intercept)",0,0.95,0,0,"task_angle_sd","valence","iqr_out_2.5"
"within","task_angle_sd_within",0.00457604244001906,0.95,-0.0166563381718832,0.0258084230519213,"task_angle_sd","valence","iqr_out_2.5"
"between","task_angle_sd_between",-0.109125038065557,0.95,-0.260020643726041,0.041770567594926,"task_angle_sd","valence","iqr_out_2.5"
"rewb-contextual","(Intercept)",0,0.95,0,0,"task_x_flips","valence","iqr_out_2.5"
"within","task_x_flips_within",-0.00074226970253132,0.95,-0.0231828068593559,0.0216982674542933,"task_x_flips","valence","iqr_out_2.5"
"between","task_x_flips_between",-0.0376250282372665,0.95,-0.189341657922319,0.114091601447786,"task_x_flips","valence","iqr_out_2.5"
"rewb-contextual","(Intercept)",0,0.95,0,0,"task_y_flips","valence","iqr_out_2.5"
"within","task_y_flips_within",0.0129979702255024,0.95,-0.00930967407686865,0.0353056145278734,"task_y_flips","valence","iqr_out_2.5"
"between","task_y_flips_between",-0.101759165821546,0.95,-0.253258595051343,0.0497402634082512,"task_y_flips","valence","iqr_out_2.5"
"rewb-contextual","(Intercept)",0,0.95,0,0,"trial_mean_duration","valence","iqr_out_2.5"
"within","trial_mean_duration_within",0.00854995319286131,0.95,-0.0176531080041969,0.0347530143899195,"trial_mean_duration","valence","iqr_out_2.5"
"between","trial_mean_duration_between",0.138260734306892,0.95,-0.0123540955312998,0.288875564145083,"trial_mean_duration","valence","iqr_out_2.5"
"rewb-contextual","(Intercept)",0,0.95,0,0,"trial_sd_duration","valence","iqr_out_2.5"
"within","trial_sd_duration_within",0.017362671230868,0.95,-0.00750574210055486,0.0422310845622908,"trial_sd_duration","valence","iqr_out_2.5"
"between","trial_sd_duration_between",0.0265489433357199,0.95,-0.125422722476611,0.178520609148051,"trial_sd_duration","valence","iqr_out_2.5"
"rewb-contextual","(Intercept)",0,0.95,0,0,"trial_mean_trial_move_offset","valence","iqr_out_2.5"
"within","trial_mean_trial_move_offset_within",-0.00592814598251926,0.95,-0.0305908558416007,0.0187345638765622,"trial_mean_trial_move_offset","valence","iqr_out_2.5"
"between","trial_mean_trial_move_offset_between",0.0852046140194436,0.95,-0.0661191196146399,0.236528347653527,"trial_mean_trial_move_offset","valence","iqr_out_2.5"
"rewb-contextual","(Intercept)",0,0.95,0,0,"trial_sd_trial_move_offset","valence","iqr_out_2.5"
"within","trial_sd_trial_move_offset_within",0.00511131177506196,0.95,-0.0185850125634716,0.0288076361135956,"trial_sd_trial_move_offset","valence","iqr_out_2.5"
"between","trial_sd_trial_move_offset_between",0.0952326602173314,0.95,-0.0564202836679181,0.246885604102581,"trial_sd_trial_move_offset","valence","iqr_out_2.5"
"rewb-contextual","(Intercept)",0,0.95,0,0,"trial_mean_total_dist","valence","iqr_out_2.5"
"within","trial_mean_total_dist_within",0.00944249736452257,0.95,-0.0171272542183514,0.0360122489473965,"trial_mean_total_dist","valence","iqr_out_2.5"
"between","trial_mean_total_dist_between",0.00961126227427389,0.95,-0.142460097176019,0.161682621724567,"trial_mean_total_dist","valence","iqr_out_2.5"
"rewb-contextual","(Intercept)",0,0.95,0,0,"trial_sd_total_dist","valence","iqr_out_2.5"
"within","trial_sd_total_dist_within",0.00248830660785834,0.95,-0.0210310636357003,0.026007676851417,"trial_sd_total_dist","valence","iqr_out_2.5"
"between","trial_sd_total_dist_between",-0.0168791602038974,0.95,-0.168550946758936,0.134792626351141,"trial_sd_total_dist","valence","iqr_out_2.5"
"rewb-contextual","(Intercept)",0,0.95,0,0,"trial_sd_distance_overshoot","valence","iqr_out_2.5"
"within","trial_sd_distance_overshoot_within",0.0178171754456323,0.95,-0.00574988797946095,0.0413842388707256,"trial_sd_distance_overshoot","valence","iqr_out_2.5"
"between","trial_sd_distance_overshoot_between",-0.125973985407957,0.95,-0.276883633496127,0.0249356626802129,"trial_sd_distance_overshoot","valence","iqr_out_2.5"
"rewb-contextual","(Intercept)",0,0.95,0,0,"trial_mean_speed_mean","valence","iqr_out_2.5"
"within","trial_mean_speed_mean_within",0.00520857620696443,0.95,-0.0216202235075226,0.0320373759214515,"trial_mean_speed_mean","valence","iqr_out_2.5"
"between","trial_mean_speed_mean_between",-0.0674740193393238,0.95,-0.219538822045279,0.0845907833666314,"trial_mean_speed_mean","valence","iqr_out_2.5"
"rewb-contextual","(Intercept)",0,0.95,0,0,"trial_sd_speed_mean","valence","iqr_out_2.5"
"within","trial_sd_speed_mean_within",0.00967671144290128,0.95,-0.0161965294999273,0.0355499523857299,"trial_sd_speed_mean","valence","iqr_out_2.5"
"between","trial_sd_speed_mean_between",-0.10730458560855,0.95,-0.257975535181816,0.0433663639647163,"trial_sd_speed_mean","valence","iqr_out_2.5"
"rewb-contextual","(Intercept)",0,0.95,0,0,"trial_sd_speed_sd","valence","iqr_out_2.5"
"within","trial_sd_speed_sd_within",0.000533135571003375,0.95,-0.0223718608127147,0.0234381319547214,"trial_sd_speed_sd","valence","iqr_out_2.5"
"between","trial_sd_speed_sd_between",-0.123959899766542,0.95,-0.274437804682718,0.0265180051496342,"trial_sd_speed_sd","valence","iqr_out_2.5"
"rewb-contextual","(Intercept)",0,0.95,0,0,"trial_sd_abs_jerk_mean","valence","iqr_out_2.5"
"within","trial_sd_abs_jerk_mean_within",0.0150421023258769,0.95,-0.00977218437178564,0.0398563890235393,"trial_sd_abs_jerk_mean","valence","iqr_out_2.5"
"between","trial_sd_abs_jerk_mean_between",-0.0131841507939432,0.95,-0.164959039911473,0.138590738323587,"trial_sd_abs_jerk_mean","valence","iqr_out_2.5"
"rewb-contextual","(Intercept)",0,0.95,0,0,"trial_sd_abs_jerk_sd","valence","iqr_out_2.5"
"within","trial_sd_abs_jerk_sd_within",-0.000643493890723502,0.95,-0.0263960973889889,0.0251091096075419,"trial_sd_abs_jerk_sd","valence","iqr_out_2.5"
"between","trial_sd_abs_jerk_sd_between",-0.00402078297533779,0.95,-0.155743896039837,0.147702330089161,"trial_sd_abs_jerk_sd","valence","iqr_out_2.5"
"rewb-contextual","(Intercept)",0,0.95,0,0,"trial_mean_angle_mean","valence","iqr_out_2.5"
"within","trial_mean_angle_mean_within",0.0103711244616985,0.95,-0.0143167205776169,0.035058969501014,"trial_mean_angle_mean","valence","iqr_out_2.5"
"between","trial_mean_angle_mean_between",-0.0611403717999717,0.95,-0.213044780862614,0.0907640372626704,"trial_mean_angle_mean","valence","iqr_out_2.5"
"rewb-contextual","(Intercept)",0,0.95,0,0,"trial_sd_angle_mean","valence","iqr_out_2.5"
"within","trial_sd_angle_mean_within",-0.000632825074170639,0.95,-0.0216480729469364,0.0203824227985951,"trial_sd_angle_mean","valence","iqr_out_2.5"
"between","trial_sd_angle_mean_between",-0.0282039477587398,0.95,-0.180117551400332,0.123709655882852,"trial_sd_angle_mean","valence","iqr_out_2.5"
"rewb-contextual","(Intercept)",0,0.95,0,0,"trial_mean_angle_sd","valence","iqr_out_2.5"
"within","trial_mean_angle_sd_within",-0.000458479197614372,0.95,-0.021424205645317,0.0205072472500883,"trial_mean_angle_sd","valence","iqr_out_2.5"
"between","trial_mean_angle_sd_between",-0.0973940262339067,0.95,-0.24861088737226,0.0538228349044469,"trial_mean_angle_sd","valence","iqr_out_2.5"
"rewb-contextual","(Intercept)",0,0.95,0,0,"trial_sd_angle_sd","valence","iqr_out_2.5"
"within","trial_sd_angle_sd_within",0.0121781176659585,0.95,-0.00932665619306032,0.0336828915249773,"trial_sd_angle_sd","valence","iqr_out_2.5"
"between","trial_sd_angle_sd_between",-0.182569679425189,0.95,-0.332059468530847,-0.0330798903195319,"trial_sd_angle_sd","valence","iqr_out_2.5"
"rewb-contextual","(Intercept)",0,0.95,0,0,"trial_sd_x_flips","valence","iqr_out_2.5"
"within","trial_sd_x_flips_within",0.00340453341195499,0.95,-0.0175463956125449,0.0243554624364549,"trial_sd_x_flips","valence","iqr_out_2.5"
"between","trial_sd_x_flips_between",-0.022759733573596,0.95,-0.174732860151765,0.129213393004573,"trial_sd_x_flips","valence","iqr_out_2.5"
"rewb-contextual","(Intercept)",0,0.95,0,0,"trial_sd_y_flips","valence","iqr_out_2.5"
"within","trial_sd_y_flips_within",0.00768596610736863,0.95,-0.0133948606538538,0.0287667928685911,"trial_sd_y_flips","valence","iqr_out_2.5"
"between","trial_sd_y_flips_between",-0.102305258281146,0.95,-0.253606861601462,0.0489963450391704,"trial_sd_y_flips","valence","iqr_out_2.5"
"rewb-contextual","(Intercept)",0,0.95,0,0,"clicks","arousal","iqr_out_3.5"
"within","clicks_within",-0.00166641187648786,0.95,-0.0222668891956671,0.0189340654426914,"clicks","arousal","iqr_out_3.5"
"between","clicks_between",-0.225043586477802,0.95,-0.373655368672406,-0.0764318042831983,"clicks","arousal","iqr_out_3.5"
"rewb-contextual","(Intercept)",0,0.95,0,0,"task_angle_sd","arousal","iqr_out_3.5"
"within","task_angle_sd_within",-0.0309997373532638,0.95,-0.0510916843807346,-0.0109077903257929,"task_angle_sd","arousal","iqr_out_3.5"
"between","task_angle_sd_between",-0.166437949827976,0.95,-0.316650688851083,-0.016225210804868,"task_angle_sd","arousal","iqr_out_3.5"
"rewb-contextual","(Intercept)",0,0.95,0,0,"task_x_flips","arousal","iqr_out_3.5"
"within","task_x_flips_within",-0.0467518881125574,0.95,-0.0710089443822049,-0.0224948318429099,"task_x_flips","arousal","iqr_out_3.5"
"between","task_x_flips_between",-0.0677086179743938,0.95,-0.219042765074566,0.0836255291257785,"task_x_flips","arousal","iqr_out_3.5"
"rewb-contextual","(Intercept)",0,0.95,0,0,"task_y_flips","arousal","iqr_out_3.5"
"within","task_y_flips_within",-0.0355792398156618,0.95,-0.0598785023866833,-0.0112799772446403,"task_y_flips","arousal","iqr_out_3.5"
"between","task_y_flips_between",-0.144237755623711,0.95,-0.294606593621552,0.00613108237413116,"task_y_flips","arousal","iqr_out_3.5"
"rewb-contextual","(Intercept)",0,0.95,0,0,"trial_mean_duration","arousal","iqr_out_3.5"
"within","trial_mean_duration_within",0.0168871983936023,0.95,-0.011921199031218,0.0456955958184225,"trial_mean_duration","arousal","iqr_out_3.5"
"between","trial_mean_duration_between",0.187106339548108,0.95,0.0374583944380516,0.336754284658164,"trial_mean_duration","arousal","iqr_out_3.5"
"rewb-contextual","(Intercept)",0,0.95,0,0,"trial_sd_duration","arousal","iqr_out_3.5"
"within","trial_sd_duration_within",-0.00616232426206229,0.95,-0.0296185043568289,0.0172938558327043,"trial_sd_duration","arousal","iqr_out_3.5"
"between","trial_sd_duration_between",0.108509283301315,0.95,-0.0431093511298924,0.260127917732522,"trial_sd_duration","arousal","iqr_out_3.5"
"rewb-contextual","(Intercept)",0,0.95,0,0,"trial_mean_trial_move_offset","arousal","iqr_out_3.5"
"within","trial_mean_trial_move_offset_within",0.0482633340414813,0.95,0.0201310254249195,0.076395642658043,"trial_mean_trial_move_offset","arousal","iqr_out_3.5"
"between","trial_mean_trial_move_offset_between",0.14489411866266,0.95,-0.00360275896086666,0.293390996286187,"trial_mean_trial_move_offset","arousal","iqr_out_3.5"
"rewb-contextual","(Intercept)",0,0.95,0,0,"trial_sd_trial_move_offset","arousal","iqr_out_3.5"
"within","trial_sd_trial_move_offset_within",0.0106220507351312,0.95,-0.0106956764174183,0.0319397778876806,"trial_sd_trial_move_offset","arousal","iqr_out_3.5"
"between","trial_sd_trial_move_offset_between",0.13447090405739,0.95,-0.0163065438395581,0.285248351954338,"trial_sd_trial_move_offset","arousal","iqr_out_3.5"
"rewb-contextual","(Intercept)",0,0.95,0,0,"trial_mean_total_dist","arousal","iqr_out_3.5"
"within","trial_mean_total_dist_within",-0.0585987426190266,0.95,-0.0857046517499859,-0.0314928334880674,"trial_mean_total_dist","arousal","iqr_out_3.5"
"between","trial_mean_total_dist_between",-0.0413944816159788,0.95,-0.191777005486312,0.108988042254355,"trial_mean_total_dist","arousal","iqr_out_3.5"
"rewb-contextual","(Intercept)",0,0.95,0,0,"trial_sd_total_dist","arousal","iqr_out_3.5"
"within","trial_sd_total_dist_within",-0.00904044367622498,0.95,-0.029889437371124,0.011808550018674,"trial_sd_total_dist","arousal","iqr_out_3.5"
"between","trial_sd_total_dist_between",-0.064308195408344,0.95,-0.216411814408361,0.0877954235916732,"trial_sd_total_dist","arousal","iqr_out_3.5"
"rewb-contextual","(Intercept)",0,0.95,0,0,"trial_sd_distance_overshoot","arousal","iqr_out_3.5"
"within","trial_sd_distance_overshoot_within",-0.0527506025097756,0.95,-0.0771723209877957,-0.0283288840317554,"trial_sd_distance_overshoot","arousal","iqr_out_3.5"
"between","trial_sd_distance_overshoot_between",-0.147845671344848,0.95,-0.295179011240047,-0.000512331449649715,"trial_sd_distance_overshoot","arousal","iqr_out_3.5"
"rewb-contextual","(Intercept)",0,0.95,0,0,"trial_sd_speed_mean","arousal","iqr_out_3.5"
"within","trial_sd_speed_mean_within",-0.0194669347642713,0.95,-0.0440950956231877,0.00516122609464496,"trial_sd_speed_mean","arousal","iqr_out_3.5"
"between","trial_sd_speed_mean_between",-0.144497144874808,0.95,-0.294870277461793,0.00587598771217584,"trial_sd_speed_mean","arousal","iqr_out_3.5"
"rewb-contextual","(Intercept)",0,0.95,0,0,"trial_sd_speed_sd","arousal","iqr_out_3.5"
"within","trial_sd_speed_sd_within",-0.0129098579834634,0.95,-0.0352419081164825,0.00942219214955571,"trial_sd_speed_sd","arousal","iqr_out_3.5"
"between","trial_sd_speed_sd_between",-0.174561015224074,0.95,-0.324928437251424,-0.0241935931967246,"trial_sd_speed_sd","arousal","iqr_out_3.5"
"rewb-contextual","(Intercept)",0,0.95,0,0,"trial_sd_abs_jerk_sd","arousal","iqr_out_3.5"
"within","trial_sd_abs_jerk_sd_within",-0.0254715381906606,0.95,-0.0458859972528426,-0.00505707912847848,"trial_sd_abs_jerk_sd","arousal","iqr_out_3.5"
"between","trial_sd_abs_jerk_sd_between",-0.0606038596046383,0.95,-0.212459119382276,0.0912514001729997,"trial_sd_abs_jerk_sd","arousal","iqr_out_3.5"
"rewb-contextual","(Intercept)",0,0.95,0,0,"trial_mean_angle_mean","arousal","iqr_out_3.5"
"within","trial_mean_angle_mean_within",-0.0416383399850563,0.95,-0.0654183387885511,-0.0178583411815616,"trial_mean_angle_mean","arousal","iqr_out_3.5"
"between","trial_mean_angle_mean_between",-0.140324372739083,0.95,-0.290589636396229,0.00994089091806284,"trial_mean_angle_mean","arousal","iqr_out_3.5"
"rewb-contextual","(Intercept)",0,0.95,0,0,"trial_sd_angle_mean","arousal","iqr_out_3.5"
"within","trial_sd_angle_mean_within",0.00638726923454109,0.95,-0.0137409406877363,0.0265154791568185,"trial_sd_angle_mean","arousal","iqr_out_3.5"
"between","trial_sd_angle_mean_between",-0.127454012832406,0.95,-0.278545219561507,0.0236371938966959,"trial_sd_angle_mean","arousal","iqr_out_3.5"
"rewb-contextual","(Intercept)",0,0.95,0,0,"trial_mean_angle_sd","arousal","iqr_out_3.5"
"within","trial_mean_angle_sd_within",-0.0318901427950361,0.95,-0.0539898028816743,-0.00979048270839786,"trial_mean_angle_sd","arousal","iqr_out_3.5"
"between","trial_mean_angle_sd_between",-0.145504939830056,0.95,-0.296286519631867,0.00527663997175531,"trial_mean_angle_sd","arousal","iqr_out_3.5"
"rewb-contextual","(Intercept)",0,0.95,0,0,"trial_sd_angle_sd","arousal","iqr_out_3.5"
"within","trial_sd_angle_sd_within",0.00607533413568199,0.95,-0.0140165218222077,0.0261671900935717,"trial_sd_angle_sd","arousal","iqr_out_3.5"
"between","trial_sd_angle_sd_between",-0.189878644818434,0.95,-0.339440792282827,-0.0403164973540408,"trial_sd_angle_sd","arousal","iqr_out_3.5"
"rewb-contextual","(Intercept)",0,0.95,0,0,"trial_sd_x_flips","arousal","iqr_out_3.5"
"within","trial_sd_x_flips_within",-0.0263900699269946,0.95,-0.0473457063913983,-0.00543443346259089,"trial_sd_x_flips","arousal","iqr_out_3.5"
"between","trial_sd_x_flips_between",-0.00694409678236046,0.95,-0.159155282948712,0.145267089383991,"trial_sd_x_flips","arousal","iqr_out_3.5"
"rewb-contextual","(Intercept)",0,0.95,0,0,"trial_sd_y_flips","arousal","iqr_out_3.5"
"within","trial_sd_y_flips_within",-0.00801231824905086,0.95,-0.0289146632696539,0.0128900267715521,"trial_sd_y_flips","arousal","iqr_out_3.5"
"between","trial_sd_y_flips_between",-0.104570324371805,0.95,-0.255995258455677,0.0468546097120667,"trial_sd_y_flips","arousal","iqr_out_3.5"
"rewb-contextual","(Intercept)",0,0.95,0,0,"clicks","valence","iqr_out_3.5"
"within","clicks_within",0.00707914066502417,0.95,-0.0131018245294548,0.0272601058595032,"clicks","valence","iqr_out_3.5"
"between","clicks_between",-0.245790179454113,0.95,-0.39304214883409,-0.0985382100741365,"clicks","valence","iqr_out_3.5"
"rewb-contextual","(Intercept)",0,0.95,0,0,"task_angle_sd","valence","iqr_out_3.5"
"within","task_angle_sd_within",0.00600629524890758,0.95,-0.0147134077357618,0.0267259982335769,"task_angle_sd","valence","iqr_out_3.5"
"between","task_angle_sd_between",-0.109233056872248,0.95,-0.259849584677079,0.0413834709325822,"task_angle_sd","valence","iqr_out_3.5"
"rewb-contextual","(Intercept)",0,0.95,0,0,"task_x_flips","valence","iqr_out_3.5"
"within","task_x_flips_within",-0.00350829886043971,0.95,-0.0255140240858107,0.0184974263649313,"task_x_flips","valence","iqr_out_3.5"
"between","task_x_flips_between",-0.0507209183529932,0.95,-0.202125945036139,0.100684108330153,"task_x_flips","valence","iqr_out_3.5"
"rewb-contextual","(Intercept)",0,0.95,0,0,"task_y_flips","valence","iqr_out_3.5"
"within","task_y_flips_within",0.0148153021451559,0.95,-0.0057517085716653,0.035382312861977,"task_y_flips","valence","iqr_out_3.5"
"between","task_y_flips_between",-0.112183646272724,0.95,-0.263104699066371,0.0387374065209224,"task_y_flips","valence","iqr_out_3.5"
"rewb-contextual","(Intercept)",0,0.95,0,0,"trial_mean_duration","valence","iqr_out_3.5"
"within","trial_mean_duration_within",0.00346117594120836,0.95,-0.0224790643448924,0.0294014162273091,"trial_mean_duration","valence","iqr_out_3.5"
"between","trial_mean_duration_between",0.133004494142122,0.95,-0.0175222877146897,0.283531275998934,"trial_mean_duration","valence","iqr_out_3.5"
"rewb-contextual","(Intercept)",0,0.95,0,0,"trial_sd_duration","valence","iqr_out_3.5"
"within","trial_sd_duration_within",0.0108137439399118,0.95,-0.0127433600298268,0.0343708479096504,"trial_sd_duration","valence","iqr_out_3.5"
"between","trial_sd_duration_between",0.0172519010462908,0.95,-0.13455058999443,0.169054392087012,"trial_sd_duration","valence","iqr_out_3.5"
"rewb-contextual","(Intercept)",0,0.95,0,0,"trial_mean_trial_move_offset","valence","iqr_out_3.5"
"within","trial_mean_trial_move_offset_within",-0.00992904055901352,0.95,-0.0346711948459639,0.0148131137279369,"trial_mean_trial_move_offset","valence","iqr_out_3.5"
"between","trial_mean_trial_move_offset_between",0.0916409394792218,0.95,-0.0593643500989047,0.242646229057348,"trial_mean_trial_move_offset","valence","iqr_out_3.5"
"rewb-contextual","(Intercept)",0,0.95,0,0,"trial_sd_trial_move_offset","valence","iqr_out_3.5"
"within","trial_sd_trial_move_offset_within",0.00336248306289827,0.95,-0.0201606742282338,0.0268856403540303,"trial_sd_trial_move_offset","valence","iqr_out_3.5"
"between","trial_sd_trial_move_offset_between",0.104605363323393,0.95,-0.0467019467102041,0.255912673356991,"trial_sd_trial_move_offset","valence","iqr_out_3.5"
"rewb-contextual","(Intercept)",0,0.95,0,0,"trial_mean_total_dist","valence","iqr_out_3.5"
"within","trial_mean_total_dist_within",0.00176905155383767,0.95,-0.0231971468587743,0.0267352499664497,"trial_mean_total_dist","valence","iqr_out_3.5"
"between","trial_mean_total_dist_between",-0.00716693723175834,0.95,-0.158432125509082,0.144098251045565,"trial_mean_total_dist","valence","iqr_out_3.5"
"rewb-contextual","(Intercept)",0,0.95,0,0,"trial_sd_total_dist","valence","iqr_out_3.5"
"within","trial_sd_total_dist_within",-0.00766262755188467,0.95,-0.0290082480960712,0.0136829929923019,"trial_sd_total_dist","valence","iqr_out_3.5"
"between","trial_sd_total_dist_between",-0.0419644085098312,0.95,-0.19379269714404,0.109863880124378,"trial_sd_total_dist","valence","iqr_out_3.5"
"rewb-contextual","(Intercept)",0,0.95,0,0,"trial_sd_distance_overshoot","valence","iqr_out_3.5"
"within","trial_sd_distance_overshoot_within",0.0096227237193475,0.95,-0.0113606419142463,0.0306060893529413,"trial_sd_distance_overshoot","valence","iqr_out_3.5"
"between","trial_sd_distance_overshoot_between",-0.141664776559073,0.95,-0.291431453586034,0.00810190046788887,"trial_sd_distance_overshoot","valence","iqr_out_3.5"
"rewb-contextual","(Intercept)",0,0.95,0,0,"trial_sd_speed_mean","valence","iqr_out_3.5"
"within","trial_sd_speed_mean_within",0.00734307181732914,0.95,-0.0159054371814342,0.0305915808160925,"trial_sd_speed_mean","valence","iqr_out_3.5"
"between","trial_sd_speed_mean_between",-0.120565583803819,0.95,-0.271023394011189,0.0298922264035506,"trial_sd_speed_mean","valence","iqr_out_3.5"
"rewb-contextual","(Intercept)",0,0.95,0,0,"trial_sd_speed_sd","valence","iqr_out_3.5"
"within","trial_sd_speed_sd_within",0.00210579024255974,0.95,-0.0186570022998306,0.0228685827849501,"trial_sd_speed_sd","valence","iqr_out_3.5"
"between","trial_sd_speed_sd_between",-0.130572326036168,0.95,-0.281106716227186,0.0199620641548496,"trial_sd_speed_sd","valence","iqr_out_3.5"
"rewb-contextual","(Intercept)",0,0.95,0,0,"trial_sd_abs_jerk_sd","valence","iqr_out_3.5"
"within","trial_sd_abs_jerk_sd_within",0.000613108353153047,0.95,-0.0241647451512453,0.0253909618575514,"trial_sd_abs_jerk_sd","valence","iqr_out_3.5"
"between","trial_sd_abs_jerk_sd_between",0.00866911355824172,0.95,-0.143042407830443,0.160380634946926,"trial_sd_abs_jerk_sd","valence","iqr_out_3.5"
"rewb-contextual","(Intercept)",0,0.95,0,0,"trial_mean_angle_mean","valence","iqr_out_3.5"
"within","trial_mean_angle_mean_within",0.0127135901907214,0.95,-0.0107940676915108,0.0362212480729537,"trial_mean_angle_mean","valence","iqr_out_3.5"
"between","trial_mean_angle_mean_between",-0.0672026365310368,0.95,-0.218834875122286,0.0844296020602128,"trial_mean_angle_mean","valence","iqr_out_3.5"
"rewb-contextual","(Intercept)",0,0.95,0,0,"trial_sd_angle_mean","valence","iqr_out_3.5"
"within","trial_sd_angle_mean_within",-0.00203956660698631,0.95,-0.0221395319682153,0.0180603987542427,"trial_sd_angle_mean","valence","iqr_out_3.5"
"between","trial_sd_angle_mean_between",-0.0526746212059253,0.95,-0.20442744504692,0.0990782026350698,"trial_sd_angle_mean","valence","iqr_out_3.5"
"rewb-contextual","(Intercept)",0,0.95,0,0,"trial_mean_angle_sd","valence","iqr_out_3.5"
"within","trial_mean_angle_sd_within",0.000459563404236261,0.95,-0.0196263108939677,0.0205454377024402,"trial_mean_angle_sd","valence","iqr_out_3.5"
"between","trial_mean_angle_sd_between",-0.0963831827105393,0.95,-0.247563702108606,0.0547973366875276,"trial_mean_angle_sd","valence","iqr_out_3.5"
"rewb-contextual","(Intercept)",0,0.95,0,0,"trial_sd_angle_sd","valence","iqr_out_3.5"
"within","trial_sd_angle_sd_within",0.0122379295544787,0.95,-0.00865746236742132,0.0331333214763787,"trial_sd_angle_sd","valence","iqr_out_3.5"
"between","trial_sd_angle_sd_between",-0.17213236111372,0.95,-0.321722256763482,-0.0225424654639575,"trial_sd_angle_sd","valence","iqr_out_3.5"
"rewb-contextual","(Intercept)",0,0.95,0,0,"trial_sd_x_flips","valence","iqr_out_3.5"
"within","trial_sd_x_flips_within",-0.000455029966470767,0.95,-0.0206180229351825,0.019707963002241,"trial_sd_x_flips","valence","iqr_out_3.5"
"between","trial_sd_x_flips_between",-0.0296660790171726,0.95,-0.18128519624637,0.121953038212025,"trial_sd_x_flips","valence","iqr_out_3.5"
"rewb-contextual","(Intercept)",0,0.95,0,0,"trial_sd_y_flips","valence","iqr_out_3.5"
"within","trial_sd_y_flips_within",0.00559781716762688,0.95,-0.0146378747539973,0.025833509089251,"trial_sd_y_flips","valence","iqr_out_3.5"
"between","trial_sd_y_flips_between",-0.104950921971242,0.95,-0.255895242172091,0.0459933982296068,"trial_sd_y_flips","valence","iqr_out_3.5"
