"effect","group","term","estimate","std.error","statistic","df","p.value","conf.low","conf.high","iv","dv","dframe"
"fixed",NA,"(Intercept)",-0.0775702235702954,0.0561973784411808,-1.38031747604534,169.989978064234,0.169301367453703,-0.18850483442444,0.0333643872838488,"recording_duration","arousal","1000"
"fixed",NA,"recording_duration_within",0.000375789224982462,0.00656631988876034,0.0572298077688395,87.2211638988107,0.954493038907771,-0.0126750159645378,0.0134265944145027,"recording_duration","arousal","1000"
"fixed",NA,"recording_duration_between",-0.115494717202622,0.203113502897221,-0.56862156161555,173.798777035196,0.570346995696719,-0.516381349542425,0.28539191513718,"recording_duration","arousal","1000"
"ran_pars","ID","sd__(Intercept)",0.722124423359205,NA,NA,NA,NA,NA,NA,"recording_duration","arousal","1000"
"ran_pars","ID","cor__(Intercept).recording_duration_within",0.355396652892265,NA,NA,NA,NA,NA,NA,"recording_duration","arousal","1000"
"ran_pars","ID","sd__recording_duration_within",0.0161514952549194,NA,NA,NA,NA,NA,NA,"recording_duration","arousal","1000"
"ran_pars","Residual","sd__Observation",0.639171683665198,NA,NA,NA,NA,NA,NA,"recording_duration","arousal","1000"
"fixed",NA,"(Intercept)",-0.0726038745453835,0.0557860854611026,-1.3014692453373,170.134769877138,0.194857467591194,-0.18272591394819,0.0375181648574236,"movement_episodes","arousal","1000"
"fixed",NA,"movement_episodes_within",0.00858239393455809,0.010553080921196,0.813259558857381,103.561755642498,0.417935055166127,-0.0123458038722136,0.0295105917413298,"movement_episodes","arousal","1000"
"fixed",NA,"movement_episodes_between",0.183326222770274,0.145076302806293,1.26365380991997,169.885601045145,0.208085584128342,-0.10305820534849,0.469710650889039,"movement_episodes","arousal","1000"
"ran_pars","ID","sd__(Intercept)",0.719994006925269,NA,NA,NA,NA,NA,NA,"movement_episodes","arousal","1000"
"ran_pars","ID","cor__(Intercept).movement_episodes_within",-0.0586411404801536,NA,NA,NA,NA,NA,NA,"movement_episodes","arousal","1000"
"ran_pars","ID","sd__movement_episodes_within",0.0860220612702321,NA,NA,NA,NA,NA,NA,"movement_episodes","arousal","1000"
"ran_pars","Residual","sd__Observation",0.635579891927719,NA,NA,NA,NA,NA,NA,"movement_episodes","arousal","1000"
"fixed",NA,"(Intercept)",-0.0837790601928403,0.0555338260126697,-1.50861315000567,170.262028581867,0.133251056747951,-0.193402551140854,0.0258444307551735,"mo_ep_sd_episode_duration","arousal","1000"
"fixed",NA,"mo_ep_sd_episode_duration_within",-0.00317589002943915,0.00942512641230802,-0.336959939899782,109.243232150473,0.736793595520294,-0.0218557173592903,0.015503937300412,"mo_ep_sd_episode_duration","arousal","1000"
"fixed",NA,"mo_ep_sd_episode_duration_between",0.239613077091317,0.117664801979593,2.03640403128265,171.684063841862,0.0432460657213651,0.00735712432148578,0.471869029861149,"mo_ep_sd_episode_duration","arousal","1000"
"ran_pars","ID","sd__(Intercept)",0.71440482061047,NA,NA,NA,NA,NA,NA,"mo_ep_sd_episode_duration","arousal","1000"
"ran_pars","ID","cor__(Intercept).mo_ep_sd_episode_duration_within",-0.000397646947305617,NA,NA,NA,NA,NA,NA,"mo_ep_sd_episode_duration","arousal","1000"
"ran_pars","ID","sd__mo_ep_sd_episode_duration_within",0.0640124565157815,NA,NA,NA,NA,NA,NA,"mo_ep_sd_episode_duration","arousal","1000"
"ran_pars","Residual","sd__Observation",0.637148233885554,NA,NA,NA,NA,NA,NA,"mo_ep_sd_episode_duration","arousal","1000"
"fixed",NA,"(Intercept)",-0.0678591471088523,0.0563411300162619,-1.20443354773442,169.947359810542,0.230096748786877,-0.17907772604966,0.0433594318319559,"mo_ep_mean_total_dist","arousal","1000"
"fixed",NA,"mo_ep_mean_total_dist_within",-0.0106147022537618,0.0089319157437528,-1.18840152082558,126.949981052236,0.236893674166309,-0.0282894185916078,0.00706001408408421,"mo_ep_mean_total_dist","arousal","1000"
"fixed",NA,"mo_ep_mean_total_dist_between",-0.087864311201275,0.0987405653054697,-0.889850194086419,169.341274341284,0.374808733553264,-0.282785272462235,0.107056650059685,"mo_ep_mean_total_dist","arousal","1000"
"ran_pars","ID","sd__(Intercept)",0.721150595462514,NA,NA,NA,NA,NA,NA,"mo_ep_mean_total_dist","arousal","1000"
"ran_pars","ID","cor__(Intercept).mo_ep_mean_total_dist_within",-0.1469569612224,NA,NA,NA,NA,NA,NA,"mo_ep_mean_total_dist","arousal","1000"
"ran_pars","ID","sd__mo_ep_mean_total_dist_within",0.053156647144555,NA,NA,NA,NA,NA,NA,"mo_ep_mean_total_dist","arousal","1000"
"ran_pars","Residual","sd__Observation",0.637840893857278,NA,NA,NA,NA,NA,NA,"mo_ep_mean_total_dist","arousal","1000"
"fixed",NA,"(Intercept)",-0.0789774167762932,0.0565578716441713,-1.39640008508758,170.075977453193,0.164413822348481,-0.190623242802316,0.0326684092497292,"mo_ep_sd_total_dist","arousal","1000"
"fixed",NA,"mo_ep_sd_total_dist_within",-0.0107188153501356,0.00866405899156033,-1.23715862975735,106.83896074076,0.218740525916722,-0.0278945978766007,0.00645696717632948,"mo_ep_sd_total_dist","arousal","1000"
"fixed",NA,"mo_ep_sd_total_dist_between",0.0639535262464266,0.116556762404783,0.548689968106065,170.747688777178,0.583934971358562,-0.166124247577188,0.294031300070042,"mo_ep_sd_total_dist","arousal","1000"
"ran_pars","ID","sd__(Intercept)",0.722450347027233,NA,NA,NA,NA,NA,NA,"mo_ep_sd_total_dist","arousal","1000"
"ran_pars","ID","cor__(Intercept).mo_ep_sd_total_dist_within",-0.00314967542484771,NA,NA,NA,NA,NA,NA,"mo_ep_sd_total_dist","arousal","1000"
"ran_pars","ID","sd__mo_ep_sd_total_dist_within",0.0467827131079913,NA,NA,NA,NA,NA,NA,"mo_ep_sd_total_dist","arousal","1000"
"ran_pars","Residual","sd__Observation",0.638156556334436,NA,NA,NA,NA,NA,NA,"mo_ep_sd_total_dist","arousal","1000"
"fixed",NA,"(Intercept)",-0.0521698050748746,0.0556608051091754,-0.937280820364466,170.255138868068,0.349941785815873,-0.162043983940822,0.0577043737910729,"mo_ep_sd_speed_mean","arousal","1000"
"fixed",NA,"mo_ep_sd_speed_mean_within",-0.0136371450415996,0.00770681304345782,-1.76949213179317,87.6209430137218,0.0802909554079522,-0.0289537400088013,0.00167944992560218,"mo_ep_sd_speed_mean","arousal","1000"
"fixed",NA,"mo_ep_sd_speed_mean_between",-0.370478901004069,0.145501664667747,-2.54621761098099,170.183828968394,0.0117767380977802,-0.657699393913243,-0.0832584080948954,"mo_ep_sd_speed_mean","arousal","1000"
"ran_pars","ID","sd__(Intercept)",0.709458827250335,NA,NA,NA,NA,NA,NA,"mo_ep_sd_speed_mean","arousal","1000"
"ran_pars","ID","cor__(Intercept).mo_ep_sd_speed_mean_within",-0.0284200875596389,NA,NA,NA,NA,NA,NA,"mo_ep_sd_speed_mean","arousal","1000"
"ran_pars","ID","sd__mo_ep_sd_speed_mean_within",0.0303657907859031,NA,NA,NA,NA,NA,NA,"mo_ep_sd_speed_mean","arousal","1000"
"ran_pars","Residual","sd__Observation",0.638720706167899,NA,NA,NA,NA,NA,NA,"mo_ep_sd_speed_mean","arousal","1000"
"fixed",NA,"(Intercept)",-0.0453148076476218,0.0546375049851591,-0.829371832771837,169.840259388252,0.40805816846612,-0.153170882576695,0.0625412672814518,"mo_ep_mean_abs_jerk_sd","arousal","1000"
"fixed",NA,"mo_ep_mean_abs_jerk_sd_within",-0.0267538261190985,0.011281645251905,-2.37144720665461,132.421478600902,0.0191590740017164,-0.0490693784647935,-0.00443827377340343,"mo_ep_mean_abs_jerk_sd","arousal","1000"
"fixed",NA,"mo_ep_mean_abs_jerk_sd_between",-0.321571895824284,0.0886133587123692,-3.62893248260769,168.827758674193,0.000376872704819993,-0.496504853951244,-0.146638937697323,"mo_ep_mean_abs_jerk_sd","arousal","1000"
"ran_pars","ID","sd__(Intercept)",0.697357633860161,NA,NA,NA,NA,NA,NA,"mo_ep_mean_abs_jerk_sd","arousal","1000"
"ran_pars","ID","cor__(Intercept).mo_ep_mean_abs_jerk_sd_within",0.0742605370756578,NA,NA,NA,NA,NA,NA,"mo_ep_mean_abs_jerk_sd","arousal","1000"
"ran_pars","ID","sd__mo_ep_mean_abs_jerk_sd_within",0.0845806169800242,NA,NA,NA,NA,NA,NA,"mo_ep_mean_abs_jerk_sd","arousal","1000"
"ran_pars","Residual","sd__Observation",0.635711863471053,NA,NA,NA,NA,NA,NA,"mo_ep_mean_abs_jerk_sd","arousal","1000"
"fixed",NA,"(Intercept)",-0.0494106484312699,0.0559146469710207,-0.883679878313073,169.85122418369,0.37811812772459,-0.159787788847692,0.0609664919851525,"mo_ep_sd_abs_jerk_sd","arousal","1000"
"fixed",NA,"mo_ep_sd_abs_jerk_sd_within",-0.0138837432417915,0.00890265088018185,-1.55950664904742,96.3904671769348,0.122153892997462,-0.0315544520361088,0.00378696555252593,"mo_ep_sd_abs_jerk_sd","arousal","1000"
"fixed",NA,"mo_ep_sd_abs_jerk_sd_between",-0.334052516251058,0.135288420543392,-2.46918779086429,169.087356870827,0.0145355392421176,-0.601124452726491,-0.0669805797756259,"mo_ep_sd_abs_jerk_sd","arousal","1000"
"ran_pars","ID","sd__(Intercept)",0.709712329458288,NA,NA,NA,NA,NA,NA,"mo_ep_sd_abs_jerk_sd","arousal","1000"
"ran_pars","ID","cor__(Intercept).mo_ep_sd_abs_jerk_sd_within",-0.0821267588893068,NA,NA,NA,NA,NA,NA,"mo_ep_sd_abs_jerk_sd","arousal","1000"
"ran_pars","ID","sd__mo_ep_sd_abs_jerk_sd_within",0.0547144528062921,NA,NA,NA,NA,NA,NA,"mo_ep_sd_abs_jerk_sd","arousal","1000"
"ran_pars","Residual","sd__Observation",0.637659607733964,NA,NA,NA,NA,NA,NA,"mo_ep_sd_abs_jerk_sd","arousal","1000"
"fixed",NA,"(Intercept)",-0.0441555944954756,0.0537636834805768,-0.821290351347071,169.465623712778,0.412634788638408,-0.150288403139793,0.0619772141488417,"mo_ep_mean_angle_mean","arousal","1000"
"fixed",NA,"mo_ep_mean_angle_mean_within",-0.0107744681676718,0.00922842099127793,-1.16753106277391,125.102519788638,0.245216399167711,-0.0290385123588605,0.00748957602351693,"mo_ep_mean_angle_mean","arousal","1000"
"fixed",NA,"mo_ep_mean_angle_mean_between",-0.424902948893816,0.0975362180885912,-4.35636071626112,168.349212059926,2.29240440801668e-05,-0.617454608565568,-0.232351289222064,"mo_ep_mean_angle_mean","arousal","1000"
"ran_pars","ID","sd__(Intercept)",0.68770666297324,NA,NA,NA,NA,NA,NA,"mo_ep_mean_angle_mean","arousal","1000"
"ran_pars","ID","cor__(Intercept).mo_ep_mean_angle_mean_within",0.240987906927732,NA,NA,NA,NA,NA,NA,"mo_ep_mean_angle_mean","arousal","1000"
"ran_pars","ID","sd__mo_ep_mean_angle_mean_within",0.0593307492895179,NA,NA,NA,NA,NA,NA,"mo_ep_mean_angle_mean","arousal","1000"
"ran_pars","Residual","sd__Observation",0.637378870102924,NA,NA,NA,NA,NA,NA,"mo_ep_mean_angle_mean","arousal","1000"
"fixed",NA,"(Intercept)",-0.0532905302378402,0.0554768088248115,-0.960591125674238,169.900912920028,0.338122848560758,-0.162803135606491,0.0562220751308101,"mo_ep_sd_angle_mean","arousal","1000"
"fixed",NA,"mo_ep_sd_angle_mean_within",-0.000807257153204755,0.00778692842300825,-0.103668238534148,104.427141641324,0.917631466968715,-0.016248285091039,0.0146337707846295,"mo_ep_sd_angle_mean","arousal","1000"
"fixed",NA,"mo_ep_sd_angle_mean_between",-0.461766008012534,0.174749742192572,-2.64244171246715,169.264948960528,0.00900312976624335,-0.806735658170934,-0.116796357854134,"mo_ep_sd_angle_mean","arousal","1000"
"ran_pars","ID","sd__(Intercept)",0.708539070468589,NA,NA,NA,NA,NA,NA,"mo_ep_sd_angle_mean","arousal","1000"
"ran_pars","ID","cor__(Intercept).mo_ep_sd_angle_mean_within",0.201247328824088,NA,NA,NA,NA,NA,NA,"mo_ep_sd_angle_mean","arousal","1000"
"ran_pars","ID","sd__mo_ep_sd_angle_mean_within",0.0396681564253123,NA,NA,NA,NA,NA,NA,"mo_ep_sd_angle_mean","arousal","1000"
"ran_pars","Residual","sd__Observation",0.638406948855093,NA,NA,NA,NA,NA,NA,"mo_ep_sd_angle_mean","arousal","1000"
"fixed",NA,"(Intercept)",-0.049404343630613,0.0546082798082447,-0.904704264702987,169.470219363333,0.366906405958434,-0.157204416203627,0.0583957289424007,"mo_ep_mean_angle_sd","arousal","1000"
"fixed",NA,"mo_ep_mean_angle_sd_within",-0.022518716554488,0.0101172602481675,-2.22577219544855,106.19066156464,0.0281424938054938,-0.0425767532481128,-0.00246067986086325,"mo_ep_mean_angle_sd","arousal","1000"
"fixed",NA,"mo_ep_mean_angle_sd_between",-0.346353056764103,0.0986680451466381,-3.51028599228211,168.329936903661,0.000574477668112817,-0.5411392805049,-0.151566833023305,"mo_ep_mean_angle_sd","arousal","1000"
"ran_pars","ID","sd__(Intercept)",0.698622771544982,NA,NA,NA,NA,NA,NA,"mo_ep_mean_angle_sd","arousal","1000"
"ran_pars","ID","cor__(Intercept).mo_ep_mean_angle_sd_within",0.132742099702832,NA,NA,NA,NA,NA,NA,"mo_ep_mean_angle_sd","arousal","1000"
"ran_pars","ID","sd__mo_ep_mean_angle_sd_within",0.0736150848043552,NA,NA,NA,NA,NA,NA,"mo_ep_mean_angle_sd","arousal","1000"
"ran_pars","Residual","sd__Observation",0.636399321623498,NA,NA,NA,NA,NA,NA,"mo_ep_mean_angle_sd","arousal","1000"
"fixed",NA,"(Intercept)",-0.0810839893544039,0.0562280113441916,-1.44205685771208,170.170664391146,0.151124224812591,-0.192078225174712,0.0299102464659042,"mo_ep_sd_x_flips","arousal","1000"
"fixed",NA,"mo_ep_sd_x_flips_within",-0.00622867670472889,0.0095579765395472,-0.651673152675887,107.818014366274,0.515998762504729,-0.025174606635221,0.0127172532257632,"mo_ep_sd_x_flips","arousal","1000"
"fixed",NA,"mo_ep_sd_x_flips_between",0.111189587616177,0.110648843888882,1.00488702555119,170.863559046625,0.316372228952774,-0.107225165292856,0.32960434052521,"mo_ep_sd_x_flips","arousal","1000"
"ran_pars","ID","sd__(Intercept)",0.720928615668081,NA,NA,NA,NA,NA,NA,"mo_ep_sd_x_flips","arousal","1000"
"ran_pars","ID","cor__(Intercept).mo_ep_sd_x_flips_within",-0.0415663865588699,NA,NA,NA,NA,NA,NA,"mo_ep_sd_x_flips","arousal","1000"
"ran_pars","ID","sd__mo_ep_sd_x_flips_within",0.0631000755269285,NA,NA,NA,NA,NA,NA,"mo_ep_sd_x_flips","arousal","1000"
"ran_pars","Residual","sd__Observation",0.637347004683308,NA,NA,NA,NA,NA,NA,"mo_ep_sd_x_flips","arousal","1000"
"fixed",NA,"(Intercept)",-0.0705027391476451,0.0562632830311816,-1.25308612205534,169.912420937496,0.211896046100364,-0.181567810272538,0.0405623319772476,"mo_ep_mean_y_flips","arousal","1000"
"fixed",NA,"mo_ep_mean_y_flips_within",-0.00705680713224701,0.0082650326203633,-0.85381479497861,117.431994416138,0.39494593193241,-0.0234246420033157,0.0093110277388217,"mo_ep_mean_y_flips","arousal","1000"
"fixed",NA,"mo_ep_mean_y_flips_between",-0.0572533727391049,0.0888999139719746,-0.644020564037371,169.397449329923,0.520433127392051,-0.23274776329143,0.11824101781322,"mo_ep_mean_y_flips","arousal","1000"
"ran_pars","ID","sd__(Intercept)",0.72204429766858,NA,NA,NA,NA,NA,NA,"mo_ep_mean_y_flips","arousal","1000"
"ran_pars","ID","cor__(Intercept).mo_ep_mean_y_flips_within",-0.0508696376209728,NA,NA,NA,NA,NA,NA,"mo_ep_mean_y_flips","arousal","1000"
"ran_pars","ID","sd__mo_ep_mean_y_flips_within",0.0204458272002426,NA,NA,NA,NA,NA,NA,"mo_ep_mean_y_flips","arousal","1000"
"ran_pars","Residual","sd__Observation",0.639146242155723,NA,NA,NA,NA,NA,NA,"mo_ep_mean_y_flips","arousal","1000"
"fixed",NA,"(Intercept)",-0.0768831784093125,0.0559083814454103,-1.37516373076159,170.19800907022,0.170888128198734,-0.187246337020212,0.0334799802015873,"movement_distance","arousal","1000"
"fixed",NA,"movement_distance_within",-0.00359947249668734,0.00921228574514014,-0.390725233266479,117.016032321933,0.696710787196969,-0.0218438955609283,0.0146449505675536,"movement_distance","arousal","1000"
"fixed",NA,"movement_distance_between",0.113194355822541,0.116495042763491,0.9716667176332,170.544448267503,0.332592462573793,-0.116763542144803,0.343152253789884,"movement_distance","arousal","1000"
"ran_pars","ID","sd__(Intercept)",0.72111995667591,NA,NA,NA,NA,NA,NA,"movement_distance","arousal","1000"
"ran_pars","ID","cor__(Intercept).movement_distance_within",-0.0730314655068208,NA,NA,NA,NA,NA,NA,"movement_distance","arousal","1000"
"ran_pars","ID","sd__movement_distance_within",0.0672616469252981,NA,NA,NA,NA,NA,NA,"movement_distance","arousal","1000"
"ran_pars","Residual","sd__Observation",0.636663567021721,NA,NA,NA,NA,NA,NA,"movement_distance","arousal","1000"
"fixed",NA,"(Intercept)",-0.0393114785926945,0.0581575237752508,-0.675948287355104,170.446799331279,0.499989588750332,-0.154113244842451,0.0754902876570621,"lockscreen_episodes.","arousal","1000"
"fixed",NA,"lockscreen_episodes._within",-0.0160518584580405,0.0123550672470805,-1.29921255279557,84.341626377296,0.19741135488729,-0.0406198106977595,0.00851609378167853,"lockscreen_episodes.","arousal","1000"
"fixed",NA,"lockscreen_episodes._between",-0.386046052223782,0.196680678365786,-1.96280618630884,172.14034924878,0.0512801857379301,-0.774262393391577,0.00217028894401278,"lockscreen_episodes.","arousal","1000"
"ran_pars","ID","sd__(Intercept)",0.714350386544152,NA,NA,NA,NA,NA,NA,"lockscreen_episodes.","arousal","1000"
"ran_pars","ID","cor__(Intercept).lockscreen_episodes._within",-0.335551336887598,NA,NA,NA,NA,NA,NA,"lockscreen_episodes.","arousal","1000"
"ran_pars","ID","sd__lockscreen_episodes._within",0.0480347786670503,NA,NA,NA,NA,NA,NA,"lockscreen_episodes.","arousal","1000"
"ran_pars","Residual","sd__Observation",0.638784798612619,NA,NA,NA,NA,NA,NA,"lockscreen_episodes.","arousal","1000"
"fixed",NA,"(Intercept)",-0.0374086304204741,0.058296941948806,-0.641691127697998,170.387859661611,0.521936055335893,-0.152485889919175,0.0776686290782265,"lockscreen_time","arousal","1000"
"fixed",NA,"lockscreen_time_within",-0.0176300268609967,0.0116874008145954,-1.50846429763751,67.1568700608255,0.136126141919763,-0.0409571749072903,0.00569712118529693,"lockscreen_time","arousal","1000"
"fixed",NA,"lockscreen_time_between",-0.387524759159392,0.191587721501013,-2.02270143474379,170.315055360062,0.0446681435976215,-0.765717107086356,-0.00933241123242806,"lockscreen_time","arousal","1000"
"ran_pars","ID","sd__(Intercept)",0.714527210097945,NA,NA,NA,NA,NA,NA,"lockscreen_time","arousal","1000"
"ran_pars","ID","cor__(Intercept).lockscreen_time_within",-0.275022137132161,NA,NA,NA,NA,NA,NA,"lockscreen_time","arousal","1000"
"ran_pars","ID","sd__lockscreen_time_within",0.0383346990224848,NA,NA,NA,NA,NA,NA,"lockscreen_time","arousal","1000"
"ran_pars","Residual","sd__Observation",0.638921130324229,NA,NA,NA,NA,NA,NA,"lockscreen_time","arousal","1000"
"fixed",NA,"(Intercept)",-0.0550924390423461,0.0609108595461197,-0.904476466969439,169.559932956243,0.367026104231701,-0.175333730630964,0.065148852546272,"recording_duration","valence","1000"
"fixed",NA,"recording_duration_within",0.0144554511650053,0.00607346637631844,2.38009898620164,139.718253091376,0.018658180614962,0.00244767078000087,0.0264632315500097,"recording_duration","valence","1000"
"fixed",NA,"recording_duration_between",-0.039771113371559,0.220070150938472,-0.180720162193547,172.151268698872,0.85679980940138,-0.474154353988776,0.394612127245658,"recording_duration","valence","1000"
"ran_pars","ID","sd__(Intercept)",0.784882145217288,NA,NA,NA,NA,NA,NA,"recording_duration","valence","1000"
"ran_pars","ID","cor__(Intercept).recording_duration_within",-0.164581563835923,NA,NA,NA,NA,NA,NA,"recording_duration","valence","1000"
"ran_pars","ID","sd__recording_duration_within",0.0187127521440246,NA,NA,NA,NA,NA,NA,"recording_duration","valence","1000"
"ran_pars","Residual","sd__Observation",0.582410821128904,NA,NA,NA,NA,NA,NA,"recording_duration","valence","1000"
"fixed",NA,"(Intercept)",-0.0509809430317908,0.0600669728075929,-0.848735014416216,169.716296172218,0.397224279226559,-0.169555571894298,0.0675936858307166,"movement_episodes","valence","1000"
"fixed",NA,"movement_episodes_within",0.00192100318089358,0.00938691229158491,0.204646972425183,97.5763247793256,0.83827422246831,-0.016708029724259,0.0205500360860462,"movement_episodes","valence","1000"
"fixed",NA,"movement_episodes_between",0.287837587851039,0.156277933586538,1.84183128894298,169.536053222052,0.067246919234613,-0.0206637162724422,0.59633889197452,"movement_episodes","valence","1000"
"ran_pars","ID","sd__(Intercept)",0.777377688418595,NA,NA,NA,NA,NA,NA,"movement_episodes","valence","1000"
"ran_pars","ID","cor__(Intercept).movement_episodes_within",-0.0424318903958114,NA,NA,NA,NA,NA,NA,"movement_episodes","valence","1000"
"ran_pars","ID","sd__movement_episodes_within",0.0743788759636727,NA,NA,NA,NA,NA,NA,"movement_episodes","valence","1000"
"ran_pars","Residual","sd__Observation",0.579804958318193,NA,NA,NA,NA,NA,NA,"movement_episodes","valence","1000"
"fixed",NA,"(Intercept)",-0.0654371627118139,0.0598952179211653,-1.09252733328298,169.770138299994,0.276149300705792,-0.183672471225734,0.0527981458021061,"mo_ep_sd_episode_duration","valence","1000"
"fixed",NA,"mo_ep_sd_episode_duration_within",-0.00514260843868216,0.00901326226911402,-0.570560168464693,107.062222536313,0.569493385406541,-0.0230102309190244,0.0127250140416601,"mo_ep_sd_episode_duration","valence","1000"
"fixed",NA,"mo_ep_sd_episode_duration_between",0.294329250754849,0.126545363825651,2.32587936734185,170.807268569186,0.0211998489268454,0.044535051672457,0.54412344983724,"mo_ep_sd_episode_duration","valence","1000"
"ran_pars","ID","sd__(Intercept)",0.772724717621582,NA,NA,NA,NA,NA,NA,"mo_ep_sd_episode_duration","valence","1000"
"ran_pars","ID","cor__(Intercept).mo_ep_sd_episode_duration_within",-0.125196399875704,NA,NA,NA,NA,NA,NA,"mo_ep_sd_episode_duration","valence","1000"
"ran_pars","ID","sd__mo_ep_sd_episode_duration_within",0.0663056870439893,NA,NA,NA,NA,NA,NA,"mo_ep_sd_episode_duration","valence","1000"
"ran_pars","Residual","sd__Observation",0.580324062001295,NA,NA,NA,NA,NA,NA,"mo_ep_sd_episode_duration","valence","1000"
"fixed",NA,"(Intercept)",-0.0464529355371613,0.0609526335837715,-0.762115314891484,169.595194769641,0.447049769584167,-0.166776511493783,0.0738706404194605,"mo_ep_mean_total_dist","valence","1000"
"fixed",NA,"mo_ep_mean_total_dist_within",-0.00515783411792751,0.00810091085528284,-0.636698046684952,129.472902415761,0.525445643904316,-0.0211851303955138,0.0108694621596587,"mo_ep_mean_total_dist","valence","1000"
"fixed",NA,"mo_ep_mean_total_dist_between",-0.0999414180119426,0.106527085985796,-0.938178465008129,168.873772044431,0.349492560780449,-0.310237719702357,0.110354883678472,"mo_ep_mean_total_dist","valence","1000"
"ran_pars","ID","sd__(Intercept)",0.782386885999161,NA,NA,NA,NA,NA,NA,"mo_ep_mean_total_dist","valence","1000"
"ran_pars","ID","cor__(Intercept).mo_ep_mean_total_dist_within",-0.226791247788303,NA,NA,NA,NA,NA,NA,"mo_ep_mean_total_dist","valence","1000"
"ran_pars","ID","sd__mo_ep_mean_total_dist_within",0.0476879050489731,NA,NA,NA,NA,NA,NA,"mo_ep_mean_total_dist","valence","1000"
"ran_pars","Residual","sd__Observation",0.581523685553976,NA,NA,NA,NA,NA,NA,"mo_ep_mean_total_dist","valence","1000"
"fixed",NA,"(Intercept)",-0.0599501460808094,0.0611948841356224,-0.979659442576044,169.699075724883,0.328648812439816,-0.1807514054589,0.060851113297281,"mo_ep_sd_total_dist","valence","1000"
"fixed",NA,"mo_ep_sd_total_dist_within",-0.00836252338131045,0.00848116466149533,-0.986011204248455,92.6433453524351,0.326695783613902,-0.0252052900775214,0.00848024331490046,"mo_ep_sd_total_dist","valence","1000"
"fixed",NA,"mo_ep_sd_total_dist_between",0.0846719142763097,0.125718239895992,0.673505406585074,169.996345002707,0.50154046409513,-0.163498029983642,0.332841858536261,"mo_ep_sd_total_dist","valence","1000"
"ran_pars","ID","sd__(Intercept)",0.783931492461765,NA,NA,NA,NA,NA,NA,"mo_ep_sd_total_dist","valence","1000"
"ran_pars","ID","cor__(Intercept).mo_ep_sd_total_dist_within",-0.157518468886133,NA,NA,NA,NA,NA,NA,"mo_ep_sd_total_dist","valence","1000"
"ran_pars","ID","sd__mo_ep_sd_total_dist_within",0.0549900340262815,NA,NA,NA,NA,NA,NA,"mo_ep_sd_total_dist","valence","1000"
"ran_pars","Residual","sd__Observation",0.58115568589881,NA,NA,NA,NA,NA,NA,"mo_ep_sd_total_dist","valence","1000"
"fixed",NA,"(Intercept)",-0.0301266126050599,0.0602666416236389,-0.499888691213268,169.749920979544,0.617800828731125,-0.149095226545611,0.0888420013354915,"mo_ep_sd_speed_mean","valence","1000"
"fixed",NA,"mo_ep_sd_speed_mean_within",-0.0104013405030551,0.00729529930797664,-1.42575925454934,95.479199900888,0.157199089548053,-0.0248834032957249,0.00408072228961462,"mo_ep_sd_speed_mean","valence","1000"
"fixed",NA,"mo_ep_sd_speed_mean_between",-0.396800691088722,0.157527290991021,-2.51893299625993,169.698708073009,0.0126958242618537,-0.707766153365616,-0.0858352288118281,"mo_ep_sd_speed_mean","valence","1000"
"ran_pars","ID","sd__(Intercept)",0.770431224607816,NA,NA,NA,NA,NA,NA,"mo_ep_sd_speed_mean","valence","1000"
"ran_pars","ID","cor__(Intercept).mo_ep_sd_speed_mean_within",-0.051445128669946,NA,NA,NA,NA,NA,NA,"mo_ep_sd_speed_mean","valence","1000"
"ran_pars","ID","sd__mo_ep_sd_speed_mean_within",0.0351016805762229,NA,NA,NA,NA,NA,NA,"mo_ep_sd_speed_mean","valence","1000"
"ran_pars","Residual","sd__Observation",0.582019971968037,NA,NA,NA,NA,NA,NA,"mo_ep_sd_speed_mean","valence","1000"
"fixed",NA,"(Intercept)",-0.022197349469348,0.0588639694067326,-0.377095695262596,169.43210216907,0.706574377436959,-0.138398600679709,0.0940039017410127,"mo_ep_mean_abs_jerk_sd","valence","1000"
"fixed",NA,"mo_ep_mean_abs_jerk_sd_within",0.00344386378537926,0.0100690024245187,0.342026314046088,120.407546889996,0.732927342486156,-0.0164913730327871,0.0233791006035457,"mo_ep_mean_abs_jerk_sd","valence","1000"
"fixed",NA,"mo_ep_mean_abs_jerk_sd_between",-0.349566790788367,0.0954980688581414,-3.66045926339762,168.659044067218,0.000336504199405083,-0.538092319698573,-0.161041261878161,"mo_ep_mean_abs_jerk_sd","valence","1000"
"ran_pars","ID","sd__(Intercept)",0.753428733640817,NA,NA,NA,NA,NA,NA,"mo_ep_mean_abs_jerk_sd","valence","1000"
"ran_pars","ID","cor__(Intercept).mo_ep_mean_abs_jerk_sd_within",-0.0803012541163673,NA,NA,NA,NA,NA,NA,"mo_ep_mean_abs_jerk_sd","valence","1000"
"ran_pars","ID","sd__mo_ep_mean_abs_jerk_sd_within",0.0731269880272808,NA,NA,NA,NA,NA,NA,"mo_ep_mean_abs_jerk_sd","valence","1000"
"ran_pars","Residual","sd__Observation",0.580309612558673,NA,NA,NA,NA,NA,NA,"mo_ep_mean_abs_jerk_sd","valence","1000"
"fixed",NA,"(Intercept)",-0.0243876427064714,0.0602919663130589,-0.404492409151851,169.52557656811,0.686360538063685,-0.143407379351855,0.0946320939389121,"mo_ep_sd_abs_jerk_sd","valence","1000"
"fixed",NA,"mo_ep_sd_abs_jerk_sd_within",-0.00407955968674544,0.00840038423513055,-0.485639653205939,121.190260315122,0.628099528574752,-0.0207100722900232,0.0125509529165323,"mo_ep_sd_abs_jerk_sd","valence","1000"
"fixed",NA,"mo_ep_sd_abs_jerk_sd_between",-0.394044605984548,0.145683946704201,-2.70479084963714,168.982972769777,0.00753466003479032,-0.681639559335547,-0.106449652633549,"mo_ep_sd_abs_jerk_sd","valence","1000"
"ran_pars","ID","sd__(Intercept)",0.767443711634838,NA,NA,NA,NA,NA,NA,"mo_ep_sd_abs_jerk_sd","valence","1000"
"ran_pars","ID","cor__(Intercept).mo_ep_sd_abs_jerk_sd_within",-0.143230289016637,NA,NA,NA,NA,NA,NA,"mo_ep_sd_abs_jerk_sd","valence","1000"
"ran_pars","ID","sd__mo_ep_sd_abs_jerk_sd_within",0.0556820199885835,NA,NA,NA,NA,NA,NA,"mo_ep_sd_abs_jerk_sd","valence","1000"
"ran_pars","Residual","sd__Observation",0.580948452912193,NA,NA,NA,NA,NA,NA,"mo_ep_sd_abs_jerk_sd","valence","1000"
"fixed",NA,"(Intercept)",-0.0205874754066511,0.0579729394943614,-0.355122158479708,169.242210808055,0.722940246623403,-0.135030700051116,0.093855749237814,"mo_ep_mean_angle_mean","valence","1000"
"fixed",NA,"mo_ep_mean_angle_mean_within",0.00375570735579652,0.009078475992485,0.413693593385655,124.486936074877,0.679810348226301,-0.0142124471444281,0.0217238618560211,"mo_ep_mean_angle_mean","valence","1000"
"fixed",NA,"mo_ep_mean_angle_mean_between",-0.467021283592344,0.105704792927841,-4.41816563522483,168.551104165413,1.77562982610011e-05,-0.675697170490774,-0.258345396693913,"mo_ep_mean_angle_mean","valence","1000"
"ran_pars","ID","sd__(Intercept)",0.743713770769547,NA,NA,NA,NA,NA,NA,"mo_ep_mean_angle_mean","valence","1000"
"ran_pars","ID","cor__(Intercept).mo_ep_mean_angle_mean_within",0.115636033653635,NA,NA,NA,NA,NA,NA,"mo_ep_mean_angle_mean","valence","1000"
"ran_pars","ID","sd__mo_ep_mean_angle_mean_within",0.0665995136443831,NA,NA,NA,NA,NA,NA,"mo_ep_mean_angle_mean","valence","1000"
"ran_pars","Residual","sd__Observation",0.580245315784779,NA,NA,NA,NA,NA,NA,"mo_ep_mean_angle_mean","valence","1000"
"fixed",NA,"(Intercept)",-0.0346360717907748,0.0603831471060163,-0.573604945266653,169.544694195141,0.566995258863251,-0.153835707829478,0.0845635642479289,"mo_ep_sd_angle_mean","valence","1000"
"fixed",NA,"mo_ep_sd_angle_mean_within",-0.00103186009169532,0.00780016356906097,-0.132286981235644,138.801022586571,0.894948879550403,-0.0164543638871111,0.0143906437037204,"mo_ep_sd_angle_mean","valence","1000"
"fixed",NA,"mo_ep_sd_angle_mean_between",-0.422471933231733,0.190701262146999,-2.21535992198141,169.158953306159,0.028070584693418,-0.798932829076365,-0.046011037387102,"mo_ep_sd_angle_mean","valence","1000"
"ran_pars","ID","sd__(Intercept)",0.773489741594031,NA,NA,NA,NA,NA,NA,"mo_ep_sd_angle_mean","valence","1000"
"ran_pars","ID","cor__(Intercept).mo_ep_sd_angle_mean_within",0.0697539462213333,NA,NA,NA,NA,NA,NA,"mo_ep_sd_angle_mean","valence","1000"
"ran_pars","ID","sd__mo_ep_sd_angle_mean_within",0.0520344133343042,NA,NA,NA,NA,NA,NA,"mo_ep_sd_angle_mean","valence","1000"
"ran_pars","Residual","sd__Observation",0.580950519695345,NA,NA,NA,NA,NA,NA,"mo_ep_sd_angle_mean","valence","1000"
"fixed",NA,"(Intercept)",-0.0248486554505656,0.0587462277718203,-0.42298299640756,169.158984953462,0.672844902922046,-0.140818823952203,0.0911215130510716,"mo_ep_mean_angle_sd","valence","1000"
"fixed",NA,"mo_ep_mean_angle_sd_within",-0.00377985242997191,0.00972295801744339,-0.388755399662397,150.325211579208,0.698007169696433,-0.0229911590252611,0.0154314541653173,"mo_ep_mean_angle_sd","valence","1000"
"fixed",NA,"mo_ep_mean_angle_sd_between",-0.401675323581407,0.106459757647317,-3.77302496697472,168.488360614251,0.000223078586818935,-0.611842181216606,-0.191508465946208,"mo_ep_mean_angle_sd","valence","1000"
"ran_pars","ID","sd__(Intercept)",0.753680404051457,NA,NA,NA,NA,NA,NA,"mo_ep_mean_angle_sd","valence","1000"
"ran_pars","ID","cor__(Intercept).mo_ep_mean_angle_sd_within",0.03352676915764,NA,NA,NA,NA,NA,NA,"mo_ep_mean_angle_sd","valence","1000"
"ran_pars","ID","sd__mo_ep_mean_angle_sd_within",0.0760057583432059,NA,NA,NA,NA,NA,NA,"mo_ep_mean_angle_sd","valence","1000"
"ran_pars","Residual","sd__Observation",0.579086974601574,NA,NA,NA,NA,NA,NA,"mo_ep_mean_angle_sd","valence","1000"
"fixed",NA,"(Intercept)",-0.0608642584970052,0.0608699555248131,-0.999906406571866,169.729053150498,0.318779198071688,-0.181023942801814,0.0592954258078037,"mo_ep_sd_x_flips","valence","1000"
"fixed",NA,"mo_ep_sd_x_flips_within",-0.00619720327342994,0.00999344112805244,-0.620127060741256,112.279682209648,0.536430708400299,-0.0259973872730584,0.0136029807261985,"mo_ep_sd_x_flips","valence","1000"
"fixed",NA,"mo_ep_sd_x_flips_between",0.115239923380842,0.119504739079159,0.964312580980647,170.141437629326,0.33625782727682,-0.120663022355997,0.351142869117681,"mo_ep_sd_x_flips","valence","1000"
"ran_pars","ID","sd__(Intercept)",0.782707167268155,NA,NA,NA,NA,NA,NA,"mo_ep_sd_x_flips","valence","1000"
"ran_pars","ID","cor__(Intercept).mo_ep_sd_x_flips_within",-0.111681171399992,NA,NA,NA,NA,NA,NA,"mo_ep_sd_x_flips","valence","1000"
"ran_pars","ID","sd__mo_ep_sd_x_flips_within",0.0809171945989169,NA,NA,NA,NA,NA,NA,"mo_ep_sd_x_flips","valence","1000"
"ran_pars","Residual","sd__Observation",0.579388610358104,NA,NA,NA,NA,NA,NA,"mo_ep_sd_x_flips","valence","1000"
"fixed",NA,"(Intercept)",-0.0473183110692409,0.0608064127952726,-0.778179617807017,169.538921483227,0.437547789088348,-0.167353526115331,0.0727169039768491,"mo_ep_mean_y_flips","valence","1000"
"fixed",NA,"mo_ep_mean_y_flips_within",-0.00342418057648619,0.00910541907443761,-0.37605963531093,151.453377299659,0.707398809039772,-0.0214142227644977,0.0145658616115253,"mo_ep_mean_y_flips","valence","1000"
"fixed",NA,"mo_ep_mean_y_flips_between",-0.0957033664675961,0.0959648489408294,-0.997275226542642,169.094528883105,0.320055901674204,-0.285146853958724,0.0937401210235315,"mo_ep_mean_y_flips","valence","1000"
"ran_pars","ID","sd__(Intercept)",0.78256238288552,NA,NA,NA,NA,NA,NA,"mo_ep_mean_y_flips","valence","1000"
"ran_pars","ID","cor__(Intercept).mo_ep_mean_y_flips_within",-0.107236596433949,NA,NA,NA,NA,NA,NA,"mo_ep_mean_y_flips","valence","1000"
"ran_pars","ID","sd__mo_ep_mean_y_flips_within",0.0602921871189041,NA,NA,NA,NA,NA,NA,"mo_ep_mean_y_flips","valence","1000"
"ran_pars","Residual","sd__Observation",0.580885414503271,NA,NA,NA,NA,NA,NA,"mo_ep_mean_y_flips","valence","1000"
"fixed",NA,"(Intercept)",-0.0573712967653455,0.0604219606319926,-0.94951067733092,169.745259142071,0.343710849486581,-0.1766465397797,0.061903946249009,"movement_distance","valence","1000"
"fixed",NA,"movement_distance_within",-0.00613796770556253,0.0084995453357912,-0.722152475581938,99.5595133740438,0.471893534940749,-0.0230017372319105,0.0107258018207854,"movement_distance","valence","1000"
"fixed",NA,"movement_distance_between",0.15861597319263,0.125693707345236,1.26192453498859,170.009458106022,0.208704452608442,-0.0895054061943137,0.406737352579573,"movement_distance","valence","1000"
"ran_pars","ID","sd__(Intercept)",0.781540701081025,NA,NA,NA,NA,NA,NA,"movement_distance","valence","1000"
"ran_pars","ID","cor__(Intercept).movement_distance_within",-0.12150087403812,NA,NA,NA,NA,NA,NA,"movement_distance","valence","1000"
"ran_pars","ID","sd__movement_distance_within",0.0632424622873736,NA,NA,NA,NA,NA,NA,"movement_distance","valence","1000"
"ran_pars","Residual","sd__Observation",0.580353009016923,NA,NA,NA,NA,NA,NA,"movement_distance","valence","1000"
"fixed",NA,"(Intercept)",-0.0187391845659992,0.0631413748564238,-0.296781383183529,169.877083306428,0.766995972969457,-0.143381960011424,0.105903590879426,"lockscreen_episodes.","valence","1000"
"fixed",NA,"lockscreen_episodes._within",-0.0259614283516509,0.011489050611078,-2.25966698472181,102.382640026784,0.0259601258975517,-0.048748883550531,-0.0031739731527707,"lockscreen_episodes.","valence","1000"
"fixed",NA,"lockscreen_episodes._between",-0.387618969697547,0.214094813986767,-1.81050144316669,171.208176963772,0.0719713625253353,-0.810224330339749,0.0349863909446556,"lockscreen_episodes.","valence","1000"
"ran_pars","ID","sd__(Intercept)",0.777626802150255,NA,NA,NA,NA,NA,NA,"lockscreen_episodes.","valence","1000"
"ran_pars","ID","cor__(Intercept).lockscreen_episodes._within",-0.106007279009877,NA,NA,NA,NA,NA,NA,"lockscreen_episodes.","valence","1000"
"ran_pars","ID","sd__lockscreen_episodes._within",0.0484766421642089,NA,NA,NA,NA,NA,NA,"lockscreen_episodes.","valence","1000"
"ran_pars","Residual","sd__Observation",0.582087814749,NA,NA,NA,NA,NA,NA,"lockscreen_episodes.","valence","1000"
"fixed",NA,"(Intercept)",-0.0154480200459648,0.0632291058540826,-0.244318179694254,169.928692791645,0.807279152384071,-0.140263706889336,0.109367666797406,"lockscreen_time","valence","1000"
"fixed",NA,"lockscreen_time_within",-0.0293450837054761,0.0117305894803283,-2.50158645093552,103.429134396058,0.0139317873425556,-0.0526087940533646,-0.00608137335758761,"lockscreen_time","valence","1000"
"fixed",NA,"lockscreen_time_between",-0.403819114334868,0.207992912951424,-1.94150420129545,169.964083895208,0.0538508709712479,-0.81440122155736,0.00676299288762411,"lockscreen_time","valence","1000"
"ran_pars","ID","sd__(Intercept)",0.777230662863992,NA,NA,NA,NA,NA,NA,"lockscreen_time","valence","1000"
"ran_pars","ID","cor__(Intercept).lockscreen_time_within",-0.129161859834122,NA,NA,NA,NA,NA,NA,"lockscreen_time","valence","1000"
"ran_pars","ID","sd__lockscreen_time_within",0.0577612909928426,NA,NA,NA,NA,NA,NA,"lockscreen_time","valence","1000"
"ran_pars","Residual","sd__Observation",0.581671082890937,NA,NA,NA,NA,NA,NA,"lockscreen_time","valence","1000"
"fixed",NA,"(Intercept)",-0.0775702235702954,0.0561973784411808,-1.38031747604534,169.989978064234,0.169301367453703,-0.18850483442444,0.0333643872838488,"recording_duration","arousal","2000"
"fixed",NA,"recording_duration_within",0.000375789224982462,0.00656631988876034,0.0572298077688395,87.2211638988107,0.954493038907771,-0.0126750159645378,0.0134265944145027,"recording_duration","arousal","2000"
"fixed",NA,"recording_duration_between",-0.115494717202622,0.203113502897221,-0.56862156161555,173.798777035196,0.570346995696719,-0.516381349542425,0.28539191513718,"recording_duration","arousal","2000"
"ran_pars","ID","sd__(Intercept)",0.722124423359205,NA,NA,NA,NA,NA,NA,"recording_duration","arousal","2000"
"ran_pars","ID","cor__(Intercept).recording_duration_within",0.355396652892265,NA,NA,NA,NA,NA,NA,"recording_duration","arousal","2000"
"ran_pars","ID","sd__recording_duration_within",0.0161514952549194,NA,NA,NA,NA,NA,NA,"recording_duration","arousal","2000"
"ran_pars","Residual","sd__Observation",0.639171683665198,NA,NA,NA,NA,NA,NA,"recording_duration","arousal","2000"
"fixed",NA,"(Intercept)",-0.0729596338322596,0.0558452735048613,-1.30646031890073,170.116703791918,0.193159610747198,-0.183198594618937,0.0372793269544177,"movement_episodes","arousal","2000"
"fixed",NA,"movement_episodes_within",0.010317792962188,0.0105884673811617,0.97443686520155,104.044718861815,0.332099772648295,-0.0106794289877027,0.0313150149120788,"movement_episodes","arousal","2000"
"fixed",NA,"movement_episodes_between",0.155729568713858,0.146542203185969,1.06269433192723,169.353259904517,0.289433599465605,-0.133555108489858,0.445014245917573,"movement_episodes","arousal","2000"
"ran_pars","ID","sd__(Intercept)",0.720793044976928,NA,NA,NA,NA,NA,NA,"movement_episodes","arousal","2000"
"ran_pars","ID","cor__(Intercept).movement_episodes_within",-0.0342793745854884,NA,NA,NA,NA,NA,NA,"movement_episodes","arousal","2000"
"ran_pars","ID","sd__movement_episodes_within",0.086002909110384,NA,NA,NA,NA,NA,NA,"movement_episodes","arousal","2000"
"ran_pars","Residual","sd__Observation",0.635660178057903,NA,NA,NA,NA,NA,NA,"movement_episodes","arousal","2000"
"fixed",NA,"(Intercept)",-0.0719990948336205,0.0563826110652378,-1.27697340497966,170.000550565979,0.203353057559401,-0.183299308512186,0.0393011188449454,"mo_ep_mean_total_dist","arousal","2000"
"fixed",NA,"mo_ep_mean_total_dist_within",-0.00714305773054199,0.00779645392370441,-0.916193156586763,109.638409505424,0.361576423365069,-0.0225943661330765,0.00830825067199249,"mo_ep_mean_total_dist","arousal","2000"
"fixed",NA,"mo_ep_mean_total_dist_between",-0.0364856140774159,0.101365219903132,-0.359942139052062,169.40776508833,0.71933873299738,-0.236587266621167,0.163616038466335,"mo_ep_mean_total_dist","arousal","2000"
"ran_pars","ID","sd__(Intercept)",0.722689464237338,NA,NA,NA,NA,NA,NA,"mo_ep_mean_total_dist","arousal","2000"
"ran_pars","ID","cor__(Intercept).mo_ep_mean_total_dist_within",-0.313119915779827,NA,NA,NA,NA,NA,NA,"mo_ep_mean_total_dist","arousal","2000"
"ran_pars","ID","sd__mo_ep_mean_total_dist_within",0.0251849156079492,NA,NA,NA,NA,NA,NA,"mo_ep_mean_total_dist","arousal","2000"
"ran_pars","Residual","sd__Observation",0.638988508080309,NA,NA,NA,NA,NA,NA,"mo_ep_mean_total_dist","arousal","2000"
"fixed",NA,"(Intercept)",-0.0551533869696289,0.0561953864823789,-0.981457561234555,170.125554298071,0.327760820789306,-0.166083431881984,0.0557766579427264,"mo_ep_sd_speed_mean","arousal","2000"
"fixed",NA,"mo_ep_sd_speed_mean_within",-0.00897005173420927,0.00826053738670711,-1.0858920327198,116.160394043387,0.279775113838089,-0.0253308487760695,0.007390745307651,"mo_ep_sd_speed_mean","arousal","2000"
"fixed",NA,"mo_ep_sd_speed_mean_between",-0.321615594150808,0.159918828364392,-2.01111774917443,169.741962354811,0.045895498790325,-0.637301473524329,-0.00592971477728632,"mo_ep_sd_speed_mean","arousal","2000"
"ran_pars","ID","sd__(Intercept)",0.714767484912961,NA,NA,NA,NA,NA,NA,"mo_ep_sd_speed_mean","arousal","2000"
"ran_pars","ID","cor__(Intercept).mo_ep_sd_speed_mean_within",0.101945574628572,NA,NA,NA,NA,NA,NA,"mo_ep_sd_speed_mean","arousal","2000"
"ran_pars","ID","sd__mo_ep_sd_speed_mean_within",0.0467285763106318,NA,NA,NA,NA,NA,NA,"mo_ep_sd_speed_mean","arousal","2000"
"ran_pars","Residual","sd__Observation",0.63802185543489,NA,NA,NA,NA,NA,NA,"mo_ep_sd_speed_mean","arousal","2000"
"fixed",NA,"(Intercept)",-0.0450523659395402,0.0547883695979134,-0.822297985323806,169.769173127114,0.412060745664694,-0.153206577103559,0.0631018452244785,"mo_ep_mean_abs_jerk_sd","arousal","2000"
"fixed",NA,"mo_ep_mean_abs_jerk_sd_within",-0.0252183043191233,0.0110336484148938,-2.28558164723487,133.432443533148,0.0238553999679974,-0.047041784153739,-0.00339482448450765,"mo_ep_mean_abs_jerk_sd","arousal","2000"
"fixed",NA,"mo_ep_mean_abs_jerk_sd_between",-0.311695900178053,0.0881629892900168,-3.53545067707168,168.839710588827,0.000525499768199149,-0.485739688345624,-0.137652112010483,"mo_ep_mean_abs_jerk_sd","arousal","2000"
"ran_pars","ID","sd__(Intercept)",0.698785426663331,NA,NA,NA,NA,NA,NA,"mo_ep_mean_abs_jerk_sd","arousal","2000"
"ran_pars","ID","cor__(Intercept).mo_ep_mean_abs_jerk_sd_within",0.0954671339430512,NA,NA,NA,NA,NA,NA,"mo_ep_mean_abs_jerk_sd","arousal","2000"
"ran_pars","ID","sd__mo_ep_mean_abs_jerk_sd_within",0.0804892159088376,NA,NA,NA,NA,NA,NA,"mo_ep_mean_abs_jerk_sd","arousal","2000"
"ran_pars","Residual","sd__Observation",0.636043437324503,NA,NA,NA,NA,NA,NA,"mo_ep_mean_abs_jerk_sd","arousal","2000"
"fixed",NA,"(Intercept)",-0.0521254709320965,0.0562094255887087,-0.927343953192209,169.839778494435,0.355063934147402,-0.163084566572319,0.0588336247081265,"mo_ep_sd_abs_jerk_sd","arousal","2000"
"fixed",NA,"mo_ep_sd_abs_jerk_sd_within",-0.0121046388667346,0.00897421618713689,-1.34882407714722,106.570020096377,0.180252678521011,-0.0298957966828679,0.00568651894939871,"mo_ep_sd_abs_jerk_sd","arousal","2000"
"fixed",NA,"mo_ep_sd_abs_jerk_sd_between",-0.31565465976672,0.146249696310984,-2.15832694172243,169.10499956557,0.0323126766895766,-0.604364957911568,-0.026944361621872,"mo_ep_sd_abs_jerk_sd","arousal","2000"
"ran_pars","ID","sd__(Intercept)",0.713180518168753,NA,NA,NA,NA,NA,NA,"mo_ep_sd_abs_jerk_sd","arousal","2000"
"ran_pars","ID","cor__(Intercept).mo_ep_sd_abs_jerk_sd_within",0.010214898072315,NA,NA,NA,NA,NA,NA,"mo_ep_sd_abs_jerk_sd","arousal","2000"
"ran_pars","ID","sd__mo_ep_sd_abs_jerk_sd_within",0.0583723492874731,NA,NA,NA,NA,NA,NA,"mo_ep_sd_abs_jerk_sd","arousal","2000"
"ran_pars","Residual","sd__Observation",0.637396933044627,NA,NA,NA,NA,NA,NA,"mo_ep_sd_abs_jerk_sd","arousal","2000"
"fixed",NA,"(Intercept)",-0.0493575231818723,0.0543611232454054,-0.907956278957941,169.414254608345,0.36519105573741,-0.156669948571081,0.0579549022073361,"mo_ep_mean_angle_mean","arousal","2000"
"fixed",NA,"mo_ep_mean_angle_mean_within",-0.00813053438613309,0.00921925244381101,-0.881908206298355,129.306161215067,0.379462896752807,-0.0263706422429515,0.0101095734706853,"mo_ep_mean_angle_mean","arousal","2000"
"fixed",NA,"mo_ep_mean_angle_mean_between",-0.376801362618584,0.100638321587823,-3.74411413737426,168.800034368689,0.000248018407117069,-0.575473215551218,-0.178129509685951,"mo_ep_mean_angle_mean","arousal","2000"
"ran_pars","ID","sd__(Intercept)",0.696035995824671,NA,NA,NA,NA,NA,NA,"mo_ep_mean_angle_mean","arousal","2000"
"ran_pars","ID","cor__(Intercept).mo_ep_mean_angle_mean_within",0.166260275488702,NA,NA,NA,NA,NA,NA,"mo_ep_mean_angle_mean","arousal","2000"
"ran_pars","ID","sd__mo_ep_mean_angle_mean_within",0.0604352537383734,NA,NA,NA,NA,NA,NA,"mo_ep_mean_angle_mean","arousal","2000"
"ran_pars","Residual","sd__Observation",0.637260763294946,NA,NA,NA,NA,NA,NA,"mo_ep_mean_angle_mean","arousal","2000"
"fixed",NA,"(Intercept)",-0.0522045166084682,0.0558336456210412,-0.935001037954695,169.85087414166,0.351115159529123,-0.162421759632433,0.0580127264154961,"mo_ep_sd_angle_mean","arousal","2000"
"fixed",NA,"mo_ep_sd_angle_mean_within",-0.00265294262408747,0.00809416149578543,-0.327760031161824,116.458108208954,0.743681603716989,-0.0186837847195512,0.0133778994713762,"mo_ep_sd_angle_mean","arousal","2000"
"fixed",NA,"mo_ep_sd_angle_mean_between",-0.462280747503355,0.19028181240847,-2.42945314453384,169.42406335901,0.0161661346210748,-0.837909378288044,-0.0866521167186657,"mo_ep_sd_angle_mean","arousal","2000"
"ran_pars","ID","sd__(Intercept)",0.710923546276114,NA,NA,NA,NA,NA,NA,"mo_ep_sd_angle_mean","arousal","2000"
"ran_pars","ID","cor__(Intercept).mo_ep_sd_angle_mean_within",0.0724127918632314,NA,NA,NA,NA,NA,NA,"mo_ep_sd_angle_mean","arousal","2000"
"ran_pars","ID","sd__mo_ep_sd_angle_mean_within",0.0476845614421621,NA,NA,NA,NA,NA,NA,"mo_ep_sd_angle_mean","arousal","2000"
"ran_pars","Residual","sd__Observation",0.637947010034306,NA,NA,NA,NA,NA,NA,"mo_ep_sd_angle_mean","arousal","2000"
"fixed",NA,"(Intercept)",-0.0518343482095968,0.0548093139752542,-0.945721528881012,169.461668444542,0.345637149679413,-0.160031313742649,0.0563626173234557,"mo_ep_mean_angle_sd","arousal","2000"
"fixed",NA,"mo_ep_mean_angle_sd_within",-0.0176403733311294,0.0104342212162205,-1.69062673347452,109.240917660287,0.0937595696834196,-0.0383201486846561,0.00303940202239717,"mo_ep_mean_angle_sd","arousal","2000"
"fixed",NA,"mo_ep_mean_angle_sd_between",-0.321074228470893,0.0986050048066164,-3.25616563885963,168.580623762563,0.00136517832881307,-0.515733904794145,-0.12641455214764,"mo_ep_mean_angle_sd","arousal","2000"
"ran_pars","ID","sd__(Intercept)",0.701608831592986,NA,NA,NA,NA,NA,NA,"mo_ep_mean_angle_sd","arousal","2000"
"ran_pars","ID","cor__(Intercept).mo_ep_mean_angle_sd_within",0.0916531561131605,NA,NA,NA,NA,NA,NA,"mo_ep_mean_angle_sd","arousal","2000"
"ran_pars","ID","sd__mo_ep_mean_angle_sd_within",0.0793674214889066,NA,NA,NA,NA,NA,NA,"mo_ep_mean_angle_sd","arousal","2000"
"ran_pars","Residual","sd__Observation",0.636096578695827,NA,NA,NA,NA,NA,NA,"mo_ep_mean_angle_sd","arousal","2000"
"fixed",NA,"(Intercept)",-0.073407335837395,0.0562584417030173,-1.30482348275669,170.00331616206,0.193716449618135,-0.184462424174614,0.0376477524998236,"mo_ep_mean_y_flips","arousal","2000"
"fixed",NA,"mo_ep_mean_y_flips_within",-0.00321924559589121,0.00772629913495502,-0.416660750465489,9514.21901274021,0.676935966545862,-0.0183644403471869,0.0119259491554045,"mo_ep_mean_y_flips","arousal","2000"
"fixed",NA,"mo_ep_mean_y_flips_between",-0.01823142147999,0.0944711287297655,-0.192984054759639,169.581994515443,0.847202387668276,-0.204722303390046,0.168259460430066,"mo_ep_mean_y_flips","arousal","2000"
"ran_pars","ID","sd__(Intercept)",0.722930495621879,NA,NA,NA,NA,NA,NA,"mo_ep_mean_y_flips","arousal","2000"
"ran_pars","ID","cor__(Intercept).mo_ep_mean_y_flips_within",-1,NA,NA,NA,NA,NA,NA,"mo_ep_mean_y_flips","arousal","2000"
"ran_pars","ID","sd__mo_ep_mean_y_flips_within",0.00289011493530839,NA,NA,NA,NA,NA,NA,"mo_ep_mean_y_flips","arousal","2000"
"ran_pars","Residual","sd__Observation",0.639353236040866,NA,NA,NA,NA,NA,NA,"mo_ep_mean_y_flips","arousal","2000"
"fixed",NA,"(Intercept)",-0.0809136606331025,0.056137569758633,-1.44134598239638,170.17934668562,0.151324510193703,-0.191729324046792,0.0299020027805869,"mo_ep_sd_y_flips","arousal","2000"
"fixed",NA,"mo_ep_sd_y_flips_within",-0.010303522041421,0.0103412070919435,-0.996355836394398,116.939806639971,0.32113451621116,-0.0307838509439145,0.0101768068610725,"mo_ep_sd_y_flips","arousal","2000"
"fixed",NA,"mo_ep_sd_y_flips_between",0.130230419222582,0.120731188503307,1.07868083497757,170.643096936382,0.282252413612431,-0.108088525345308,0.368549363790472,"mo_ep_sd_y_flips","arousal","2000"
"ran_pars","ID","sd__(Intercept)",0.720675251772822,NA,NA,NA,NA,NA,NA,"mo_ep_sd_y_flips","arousal","2000"
"ran_pars","ID","cor__(Intercept).mo_ep_sd_y_flips_within",0.0416533270301108,NA,NA,NA,NA,NA,NA,"mo_ep_sd_y_flips","arousal","2000"
"ran_pars","ID","sd__mo_ep_sd_y_flips_within",0.0788141309616395,NA,NA,NA,NA,NA,NA,"mo_ep_sd_y_flips","arousal","2000"
"ran_pars","Residual","sd__Observation",0.636177306596168,NA,NA,NA,NA,NA,NA,"mo_ep_sd_y_flips","arousal","2000"
"fixed",NA,"(Intercept)",-0.0769088651818779,0.055920798537043,-1.3753177206676,170.19162058249,0.170840555920241,-0.187296564804937,0.0334788344411812,"movement_distance","arousal","2000"
"fixed",NA,"movement_distance_within",-0.00358587174078212,0.00918304516425433,-0.390488304984101,117.300598229536,0.696883744411373,-0.0217719245337631,0.0146001810521989,"movement_distance","arousal","2000"
"fixed",NA,"movement_distance_between",0.1104309899865,0.11690982357274,0.944582641661339,170.499462955225,0.346208627972861,-0.120346108592863,0.341208088565863,"movement_distance","arousal","2000"
"ran_pars","ID","sd__(Intercept)",0.721224267791653,NA,NA,NA,NA,NA,NA,"movement_distance","arousal","2000"
"ran_pars","ID","cor__(Intercept).movement_distance_within",-0.0693721976086571,NA,NA,NA,NA,NA,NA,"movement_distance","arousal","2000"
"ran_pars","ID","sd__movement_distance_within",0.0667099593964962,NA,NA,NA,NA,NA,NA,"movement_distance","arousal","2000"
"ran_pars","Residual","sd__Observation",0.636699021221936,NA,NA,NA,NA,NA,NA,"movement_distance","arousal","2000"
"fixed",NA,"(Intercept)",-0.0393114785926945,0.0581575237752508,-0.675948287355104,170.446799331279,0.499989588750332,-0.154113244842451,0.0754902876570621,"lockscreen_episodes.","arousal","2000"
"fixed",NA,"lockscreen_episodes._within",-0.0160518584580405,0.0123550672470805,-1.29921255279557,84.341626377296,0.19741135488729,-0.0406198106977595,0.00851609378167853,"lockscreen_episodes.","arousal","2000"
"fixed",NA,"lockscreen_episodes._between",-0.386046052223782,0.196680678365786,-1.96280618630884,172.14034924878,0.0512801857379301,-0.774262393391577,0.00217028894401278,"lockscreen_episodes.","arousal","2000"
"ran_pars","ID","sd__(Intercept)",0.714350386544152,NA,NA,NA,NA,NA,NA,"lockscreen_episodes.","arousal","2000"
"ran_pars","ID","cor__(Intercept).lockscreen_episodes._within",-0.335551336887598,NA,NA,NA,NA,NA,NA,"lockscreen_episodes.","arousal","2000"
"ran_pars","ID","sd__lockscreen_episodes._within",0.0480347786670503,NA,NA,NA,NA,NA,NA,"lockscreen_episodes.","arousal","2000"
"ran_pars","Residual","sd__Observation",0.638784798612619,NA,NA,NA,NA,NA,NA,"lockscreen_episodes.","arousal","2000"
"fixed",NA,"(Intercept)",-0.0374086304204741,0.058296941948806,-0.641691127697998,170.387859661611,0.521936055335893,-0.152485889919175,0.0776686290782265,"lockscreen_time","arousal","2000"
"fixed",NA,"lockscreen_time_within",-0.0176300268609967,0.0116874008145954,-1.50846429763751,67.1568700608255,0.136126141919763,-0.0409571749072903,0.00569712118529693,"lockscreen_time","arousal","2000"
"fixed",NA,"lockscreen_time_between",-0.387524759159392,0.191587721501013,-2.02270143474379,170.315055360062,0.0446681435976215,-0.765717107086356,-0.00933241123242806,"lockscreen_time","arousal","2000"
"ran_pars","ID","sd__(Intercept)",0.714527210097945,NA,NA,NA,NA,NA,NA,"lockscreen_time","arousal","2000"
"ran_pars","ID","cor__(Intercept).lockscreen_time_within",-0.275022137132161,NA,NA,NA,NA,NA,NA,"lockscreen_time","arousal","2000"
"ran_pars","ID","sd__lockscreen_time_within",0.0383346990224848,NA,NA,NA,NA,NA,NA,"lockscreen_time","arousal","2000"
"ran_pars","Residual","sd__Observation",0.638921130324229,NA,NA,NA,NA,NA,NA,"lockscreen_time","arousal","2000"
"fixed",NA,"(Intercept)",-0.0550924390423461,0.0609108595461197,-0.904476466969439,169.559932956243,0.367026104231701,-0.175333730630964,0.065148852546272,"recording_duration","valence","2000"
"fixed",NA,"recording_duration_within",0.0144554511650053,0.00607346637631844,2.38009898620164,139.718253091376,0.018658180614962,0.00244767078000087,0.0264632315500097,"recording_duration","valence","2000"
"fixed",NA,"recording_duration_between",-0.039771113371559,0.220070150938472,-0.180720162193547,172.151268698872,0.85679980940138,-0.474154353988776,0.394612127245658,"recording_duration","valence","2000"
"ran_pars","ID","sd__(Intercept)",0.784882145217288,NA,NA,NA,NA,NA,NA,"recording_duration","valence","2000"
"ran_pars","ID","cor__(Intercept).recording_duration_within",-0.164581563835923,NA,NA,NA,NA,NA,NA,"recording_duration","valence","2000"
"ran_pars","ID","sd__recording_duration_within",0.0187127521440246,NA,NA,NA,NA,NA,NA,"recording_duration","valence","2000"
"ran_pars","Residual","sd__Observation",0.582410821128904,NA,NA,NA,NA,NA,NA,"recording_duration","valence","2000"
"fixed",NA,"(Intercept)",-0.0511848962317891,0.0600857380746421,-0.851864317089759,169.704228952408,0.395489926813125,-0.169796629053955,0.0674268365903763,"movement_episodes","valence","2000"
"fixed",NA,"movement_episodes_within",-0.000421677435629368,0.00893054330493428,-0.0472174448105955,100.82598453549,0.9624333240887,-0.0181378437384455,0.0172944888671868,"movement_episodes","valence","2000"
"fixed",NA,"movement_episodes_between",0.28058653554234,0.157754385249815,1.77862907010801,169.149042943763,0.0770967845039324,-0.0308344880791436,0.592007559163824,"movement_episodes","valence","2000"
"ran_pars","ID","sd__(Intercept)",0.777636229562628,NA,NA,NA,NA,NA,NA,"movement_episodes","valence","2000"
"ran_pars","ID","cor__(Intercept).movement_episodes_within",0.00776042053172147,NA,NA,NA,NA,NA,NA,"movement_episodes","valence","2000"
"ran_pars","ID","sd__movement_episodes_within",0.065616013268304,NA,NA,NA,NA,NA,NA,"movement_episodes","valence","2000"
"ran_pars","Residual","sd__Observation",0.580378314686075,NA,NA,NA,NA,NA,NA,"movement_episodes","valence","2000"
"fixed",NA,"(Intercept)",-0.0521104284124141,0.0610305178189766,-0.853842147742863,169.607774337853,0.394396769281221,-0.172587687569261,0.0683668307444332,"mo_ep_mean_total_dist","valence","2000"
"fixed",NA,"mo_ep_mean_total_dist_within",-0.00378434246171203,0.00751528560980135,-0.503552713522496,115.417284979737,0.615535464471032,-0.0186701046590781,0.011101419735654,"mo_ep_mean_total_dist","valence","2000"
"fixed",NA,"mo_ep_mean_total_dist_between",-0.0275767333425161,0.108984271031928,-0.253034067039245,168.691207133333,0.800549976702277,-0.242725471706969,0.187572005021937,"mo_ep_mean_total_dist","valence","2000"
"ran_pars","ID","sd__(Intercept)",0.784539893022874,NA,NA,NA,NA,NA,NA,"mo_ep_mean_total_dist","valence","2000"
"ran_pars","ID","cor__(Intercept).mo_ep_mean_total_dist_within",-0.385943217299602,NA,NA,NA,NA,NA,NA,"mo_ep_mean_total_dist","valence","2000"
"ran_pars","ID","sd__mo_ep_mean_total_dist_within",0.0356292561444068,NA,NA,NA,NA,NA,NA,"mo_ep_mean_total_dist","valence","2000"
"ran_pars","Residual","sd__Observation",0.582096719422161,NA,NA,NA,NA,NA,NA,"mo_ep_mean_total_dist","valence","2000"
"fixed",NA,"(Intercept)",-0.0346548390167624,0.0609159602377298,-0.568895883468288,169.684722541015,0.570179006917933,-0.154905564010268,0.0855958859767429,"mo_ep_sd_speed_mean","valence","2000"
"fixed",NA,"mo_ep_sd_speed_mean_within",-0.00558339062396389,0.00741435851783952,-0.753051071178959,103.54427156818,0.453128000059798,-0.0202871034565018,0.00912032220857399,"mo_ep_sd_speed_mean","valence","2000"
"fixed",NA,"mo_ep_sd_speed_mean_between",-0.322240666183467,0.17352749639215,-1.85700060729998,169.359936362145,0.0650477564154062,-0.664796124251115,0.0203147918841805,"mo_ep_sd_speed_mean","valence","2000"
"ran_pars","ID","sd__(Intercept)",0.777023513258921,NA,NA,NA,NA,NA,NA,"mo_ep_sd_speed_mean","valence","2000"
"ran_pars","ID","cor__(Intercept).mo_ep_sd_speed_mean_within",0.0179848051216568,NA,NA,NA,NA,NA,NA,"mo_ep_sd_speed_mean","valence","2000"
"ran_pars","ID","sd__mo_ep_sd_speed_mean_within",0.0398220356678763,NA,NA,NA,NA,NA,NA,"mo_ep_sd_speed_mean","valence","2000"
"ran_pars","Residual","sd__Observation",0.581821174602677,NA,NA,NA,NA,NA,NA,"mo_ep_sd_speed_mean","valence","2000"
"fixed",NA,"(Intercept)",-0.0214874080968056,0.0589624824909101,-0.364425091839004,169.402331307338,0.715995094262157,-0.137883277591242,0.0949084613976308,"mo_ep_mean_abs_jerk_sd","valence","2000"
"fixed",NA,"mo_ep_mean_abs_jerk_sd_within",0.00408084155454716,0.00994732951497094,0.410244935427685,121.672609468173,0.682347757735942,-0.0156114214800113,0.0237731045891056,"mo_ep_mean_abs_jerk_sd","valence","2000"
"fixed",NA,"mo_ep_mean_abs_jerk_sd_between",-0.343112677105873,0.09495954352617,-3.61325112110838,168.696133579228,0.000398749011824663,-0.530574789585944,-0.155650564625803,"mo_ep_mean_abs_jerk_sd","valence","2000"
"ran_pars","ID","sd__(Intercept)",0.754117251382644,NA,NA,NA,NA,NA,NA,"mo_ep_mean_abs_jerk_sd","valence","2000"
"ran_pars","ID","cor__(Intercept).mo_ep_mean_abs_jerk_sd_within",-0.0797186264751047,NA,NA,NA,NA,NA,NA,"mo_ep_mean_abs_jerk_sd","valence","2000"
"ran_pars","ID","sd__mo_ep_mean_abs_jerk_sd_within",0.0712220408646013,NA,NA,NA,NA,NA,NA,"mo_ep_mean_abs_jerk_sd","valence","2000"
"ran_pars","Residual","sd__Observation",0.580434290937524,NA,NA,NA,NA,NA,NA,"mo_ep_mean_abs_jerk_sd","valence","2000"
"fixed",NA,"(Intercept)",-0.0282887408332774,0.0607127587870557,-0.465943920165075,169.497564144447,0.641853844094163,-0.148139287914227,0.091561806247672,"mo_ep_sd_abs_jerk_sd","valence","2000"
"fixed",NA,"mo_ep_sd_abs_jerk_sd_within",-0.00415851951090452,0.00826566996581365,-0.503107374006454,123.85532088586,0.615782306470509,-0.0205187840297827,0.0122017450079737,"mo_ep_sd_abs_jerk_sd","valence","2000"
"fixed",NA,"mo_ep_sd_abs_jerk_sd_between",-0.362680920083408,0.157886541367465,-2.29709839066843,168.95829912247,0.0228400851358047,-0.674365366801696,-0.0509964733651194,"mo_ep_sd_abs_jerk_sd","valence","2000"
"ran_pars","ID","sd__(Intercept)",0.772477078304424,NA,NA,NA,NA,NA,NA,"mo_ep_sd_abs_jerk_sd","valence","2000"
"ran_pars","ID","cor__(Intercept).mo_ep_sd_abs_jerk_sd_within",-0.0853815813590102,NA,NA,NA,NA,NA,NA,"mo_ep_sd_abs_jerk_sd","valence","2000"
"ran_pars","ID","sd__mo_ep_sd_abs_jerk_sd_within",0.0549556617628495,NA,NA,NA,NA,NA,NA,"mo_ep_sd_abs_jerk_sd","valence","2000"
"ran_pars","Residual","sd__Observation",0.580941511268625,NA,NA,NA,NA,NA,NA,"mo_ep_sd_abs_jerk_sd","valence","2000"
"fixed",NA,"(Intercept)",-0.0253881349656971,0.0585763058252487,-0.43341987187512,169.224108454264,0.665261742593669,-0.141022542137329,0.0902462722059352,"mo_ep_mean_angle_mean","valence","2000"
"fixed",NA,"mo_ep_mean_angle_mean_within",0.00186249865414866,0.00885927792402106,0.210231428579375,110.923288070187,0.833872733104687,-0.0156928857567404,0.0194178830650377,"mo_ep_mean_angle_mean","valence","2000"
"fixed",NA,"mo_ep_mean_angle_mean_between",-0.428073514363548,0.10836975464171,-3.95011980767916,168.552507564834,0.000114630121021329,-0.642010391537674,-0.214136637189421,"mo_ep_mean_angle_mean","valence","2000"
"ran_pars","ID","sd__(Intercept)",0.75221212481537,NA,NA,NA,NA,NA,NA,"mo_ep_mean_angle_mean","valence","2000"
"ran_pars","ID","cor__(Intercept).mo_ep_mean_angle_mean_within",0.169102418525633,NA,NA,NA,NA,NA,NA,"mo_ep_mean_angle_mean","valence","2000"
"ran_pars","ID","sd__mo_ep_mean_angle_mean_within",0.0638456470284341,NA,NA,NA,NA,NA,NA,"mo_ep_mean_angle_mean","valence","2000"
"ran_pars","Residual","sd__Observation",0.580495259001233,NA,NA,NA,NA,NA,NA,"mo_ep_mean_angle_mean","valence","2000"
"fixed",NA,"(Intercept)",-0.034932921822301,0.0607841772852544,-0.574704197415786,169.554769400372,0.566253115488321,-0.154924162123192,0.08505831847859,"mo_ep_sd_angle_mean","valence","2000"
"fixed",NA,"mo_ep_sd_angle_mean_within",-0.00243064159287176,0.00717972936099894,-0.338542230585357,159.15584412601,0.73540080898266,-0.0166104734148508,0.0117491902291073,"mo_ep_sd_angle_mean","valence","2000"
"fixed",NA,"mo_ep_sd_angle_mean_between",-0.395171605686441,0.206832445794689,-1.91058808093729,169.104568594501,0.057749602508658,-0.803477808669909,0.0131345972970267,"mo_ep_sd_angle_mean","valence","2000"
"ran_pars","ID","sd__(Intercept)",0.77627285372004,NA,NA,NA,NA,NA,NA,"mo_ep_sd_angle_mean","valence","2000"
"ran_pars","ID","cor__(Intercept).mo_ep_sd_angle_mean_within",0.165609670783769,NA,NA,NA,NA,NA,NA,"mo_ep_sd_angle_mean","valence","2000"
"ran_pars","ID","sd__mo_ep_sd_angle_mean_within",0.0388256815446849,NA,NA,NA,NA,NA,NA,"mo_ep_sd_angle_mean","valence","2000"
"ran_pars","Residual","sd__Observation",0.581766664600035,NA,NA,NA,NA,NA,NA,"mo_ep_sd_angle_mean","valence","2000"
"fixed",NA,"(Intercept)",-0.026686804765544,0.0588963527161543,-0.453114726715908,169.164549210515,0.651046778470362,-0.142953305425167,0.0895796958940792,"mo_ep_mean_angle_sd","valence","2000"
"fixed",NA,"mo_ep_mean_angle_sd_within",-0.00406588567098873,0.0100326097707564,-0.405267000700076,134.443809408306,0.685925419612295,-0.0239080428835108,0.0157762715415333,"mo_ep_mean_angle_sd","valence","2000"
"fixed",NA,"mo_ep_mean_angle_sd_between",-0.386129500181758,0.106055365348261,-3.64082947537635,168.526329180506,0.000361267682444191,-0.595497688105328,-0.176761312258188,"mo_ep_mean_angle_sd","valence","2000"
"ran_pars","ID","sd__(Intercept)",0.756054275510362,NA,NA,NA,NA,NA,NA,"mo_ep_mean_angle_sd","valence","2000"
"ran_pars","ID","cor__(Intercept).mo_ep_mean_angle_sd_within",0.065806739494416,NA,NA,NA,NA,NA,NA,"mo_ep_mean_angle_sd","valence","2000"
"ran_pars","ID","sd__mo_ep_mean_angle_sd_within",0.081515428371215,NA,NA,NA,NA,NA,NA,"mo_ep_mean_angle_sd","valence","2000"
"ran_pars","Residual","sd__Observation",0.578816837228096,NA,NA,NA,NA,NA,NA,"mo_ep_mean_angle_sd","valence","2000"
"fixed",NA,"(Intercept)",-0.0513058124242928,0.0608676041135297,-0.84290836104864,169.608381644894,0.400466802907549,-0.171461468781644,0.0688498439330583,"mo_ep_mean_y_flips","valence","2000"
"fixed",NA,"mo_ep_mean_y_flips_within",-0.0019038800619421,0.00893939351903398,-0.212976423723635,133.395910789343,0.83167048455536,-0.0195851723930714,0.0157774122691872,"mo_ep_mean_y_flips","valence","2000"
"fixed",NA,"mo_ep_mean_y_flips_between",-0.0459791038027973,0.101929869469768,-0.451085673335769,169.162087126246,0.65250550880985,-0.24719751431692,0.155239306711325,"mo_ep_mean_y_flips","valence","2000"
"ran_pars","ID","sd__(Intercept)",0.784409984404306,NA,NA,NA,NA,NA,NA,"mo_ep_mean_y_flips","valence","2000"
"ran_pars","ID","cor__(Intercept).mo_ep_mean_y_flips_within",-0.157477426439337,NA,NA,NA,NA,NA,NA,"mo_ep_mean_y_flips","valence","2000"
"ran_pars","ID","sd__mo_ep_mean_y_flips_within",0.0610615603129809,NA,NA,NA,NA,NA,NA,"mo_ep_mean_y_flips","valence","2000"
"ran_pars","Residual","sd__Observation",0.580789549826906,NA,NA,NA,NA,NA,NA,"mo_ep_mean_y_flips","valence","2000"
"fixed",NA,"(Intercept)",-0.061112484578101,0.0607617625904467,-1.00577208383533,169.727358909482,0.315956945474265,-0.181058600375841,0.0588336312196391,"mo_ep_sd_y_flips","valence","2000"
"fixed",NA,"mo_ep_sd_y_flips_within",-0.00511233629288994,0.0100973331439884,-0.50630559772445,106.685494349618,0.61368683776245,-0.0251297964361516,0.0149051238503717,"mo_ep_sd_y_flips","valence","2000"
"fixed",NA,"mo_ep_sd_y_flips_between",0.143898372817236,0.130387192844763,1.10362352066709,169.973387283858,0.271316471274637,-0.113488413217152,0.401285158851623,"mo_ep_sd_y_flips","valence","2000"
"ran_pars","ID","sd__(Intercept)",0.782277678267406,NA,NA,NA,NA,NA,NA,"mo_ep_sd_y_flips","valence","2000"
"ran_pars","ID","cor__(Intercept).mo_ep_sd_y_flips_within",-0.109822606492543,NA,NA,NA,NA,NA,NA,"mo_ep_sd_y_flips","valence","2000"
"ran_pars","ID","sd__mo_ep_sd_y_flips_within",0.0835463576200397,NA,NA,NA,NA,NA,NA,"mo_ep_sd_y_flips","valence","2000"
"ran_pars","Residual","sd__Observation",0.579134258739986,NA,NA,NA,NA,NA,NA,"mo_ep_sd_y_flips","valence","2000"
"fixed",NA,"(Intercept)",-0.0574336663764721,0.0604368848685203,-0.950308185165704,169.740140065969,0.343306812301743,-0.17673839623275,0.0618710634798062,"movement_distance","valence","2000"
"fixed",NA,"movement_distance_within",-0.00611395810373718,0.00848133136916259,-0.720872447687519,99.5099517095725,0.472678144309239,-0.0229416927731492,0.0107137765656748,"movement_distance","valence","2000"
"fixed",NA,"movement_distance_between",0.155877710379193,0.126138835545205,1.23576303606616,169.970579217369,0.218251842614286,-0.0931227674480719,0.404878188206458,"movement_distance","valence","2000"
"ran_pars","ID","sd__(Intercept)",0.781672822086071,NA,NA,NA,NA,NA,NA,"movement_distance","valence","2000"
"ran_pars","ID","cor__(Intercept).movement_distance_within",-0.12108434213584,NA,NA,NA,NA,NA,NA,"movement_distance","valence","2000"
"ran_pars","ID","sd__movement_distance_within",0.0629016786869434,NA,NA,NA,NA,NA,NA,"movement_distance","valence","2000"
"ran_pars","Residual","sd__Observation",0.580374671367907,NA,NA,NA,NA,NA,NA,"movement_distance","valence","2000"
"fixed",NA,"(Intercept)",-0.0187391845659992,0.0631413748564238,-0.296781383183529,169.877083306428,0.766995972969457,-0.143381960011424,0.105903590879426,"lockscreen_episodes.","valence","2000"
"fixed",NA,"lockscreen_episodes._within",-0.0259614283516509,0.011489050611078,-2.25966698472181,102.382640026784,0.0259601258975517,-0.048748883550531,-0.0031739731527707,"lockscreen_episodes.","valence","2000"
"fixed",NA,"lockscreen_episodes._between",-0.387618969697547,0.214094813986767,-1.81050144316669,171.208176963772,0.0719713625253353,-0.810224330339749,0.0349863909446556,"lockscreen_episodes.","valence","2000"
"ran_pars","ID","sd__(Intercept)",0.777626802150255,NA,NA,NA,NA,NA,NA,"lockscreen_episodes.","valence","2000"
"ran_pars","ID","cor__(Intercept).lockscreen_episodes._within",-0.106007279009877,NA,NA,NA,NA,NA,NA,"lockscreen_episodes.","valence","2000"
"ran_pars","ID","sd__lockscreen_episodes._within",0.0484766421642089,NA,NA,NA,NA,NA,NA,"lockscreen_episodes.","valence","2000"
"ran_pars","Residual","sd__Observation",0.582087814749,NA,NA,NA,NA,NA,NA,"lockscreen_episodes.","valence","2000"
"fixed",NA,"(Intercept)",-0.0154480200459648,0.0632291058540826,-0.244318179694254,169.928692791645,0.807279152384071,-0.140263706889336,0.109367666797406,"lockscreen_time","valence","2000"
"fixed",NA,"lockscreen_time_within",-0.0293450837054761,0.0117305894803283,-2.50158645093552,103.429134396058,0.0139317873425556,-0.0526087940533646,-0.00608137335758761,"lockscreen_time","valence","2000"
"fixed",NA,"lockscreen_time_between",-0.403819114334868,0.207992912951424,-1.94150420129545,169.964083895208,0.0538508709712479,-0.81440122155736,0.00676299288762411,"lockscreen_time","valence","2000"
"ran_pars","ID","sd__(Intercept)",0.777230662863992,NA,NA,NA,NA,NA,NA,"lockscreen_time","valence","2000"
"ran_pars","ID","cor__(Intercept).lockscreen_time_within",-0.129161859834122,NA,NA,NA,NA,NA,NA,"lockscreen_time","valence","2000"
"ran_pars","ID","sd__lockscreen_time_within",0.0577612909928426,NA,NA,NA,NA,NA,NA,"lockscreen_time","valence","2000"
"ran_pars","Residual","sd__Observation",0.581671082890937,NA,NA,NA,NA,NA,NA,"lockscreen_time","valence","2000"
"fixed",NA,"(Intercept)",-0.0775702235702954,0.0561973784411808,-1.38031747604534,169.989978064234,0.169301367453703,-0.18850483442444,0.0333643872838488,"recording_duration","arousal","3000"
"fixed",NA,"recording_duration_within",0.000375789224982462,0.00656631988876034,0.0572298077688395,87.2211638988107,0.954493038907771,-0.0126750159645378,0.0134265944145027,"recording_duration","arousal","3000"
"fixed",NA,"recording_duration_between",-0.115494717202622,0.203113502897221,-0.56862156161555,173.798777035196,0.570346995696719,-0.516381349542425,0.28539191513718,"recording_duration","arousal","3000"
"ran_pars","ID","sd__(Intercept)",0.722124423359205,NA,NA,NA,NA,NA,NA,"recording_duration","arousal","3000"
"ran_pars","ID","cor__(Intercept).recording_duration_within",0.355396652892265,NA,NA,NA,NA,NA,NA,"recording_duration","arousal","3000"
"ran_pars","ID","sd__recording_duration_within",0.0161514952549194,NA,NA,NA,NA,NA,NA,"recording_duration","arousal","3000"
"ran_pars","Residual","sd__Observation",0.639171683665198,NA,NA,NA,NA,NA,NA,"recording_duration","arousal","3000"
"fixed",NA,"(Intercept)",-0.07390024875497,0.0558166740445584,-1.32398158829699,170.139515905718,0.187285170910654,-0.184082648173585,0.0362821506636451,"movement_episodes","arousal","3000"
"fixed",NA,"movement_episodes_within",0.00833499161778122,0.0105164132716785,0.792569805166177,105.396383293591,0.429808923459385,-0.0125161991893641,0.0291861824249265,"movement_episodes","arousal","3000"
"fixed",NA,"movement_episodes_between",0.166035823420278,0.149088210007885,1.11367507471917,169.038606502143,0.266999672449579,-0.128278793910399,0.460350440750954,"movement_episodes","arousal","3000"
"ran_pars","ID","sd__(Intercept)",0.720625720732874,NA,NA,NA,NA,NA,NA,"movement_episodes","arousal","3000"
"ran_pars","ID","cor__(Intercept).movement_episodes_within",-0.0459253988602529,NA,NA,NA,NA,NA,NA,"movement_episodes","arousal","3000"
"ran_pars","ID","sd__movement_episodes_within",0.0849219881123828,NA,NA,NA,NA,NA,NA,"movement_episodes","arousal","3000"
"ran_pars","Residual","sd__Observation",0.635725163850095,NA,NA,NA,NA,NA,NA,"movement_episodes","arousal","3000"
"fixed",NA,"(Intercept)",-0.073710217702113,0.0562894575021238,-1.30948530991495,170.044519297437,0.192136559976949,-0.184826338723746,0.0374059033195197,"mo_ep_mean_total_dist","arousal","3000"
"fixed",NA,"mo_ep_mean_total_dist_within",-0.00553715958854943,0.00774399622821978,-0.715026121574226,115.9242348921,0.47603045340047,-0.0208752255363717,0.00980090635927281,"mo_ep_mean_total_dist","arousal","3000"
"fixed",NA,"mo_ep_mean_total_dist_between",-0.0135307951303039,0.105233057014828,-0.128579322069844,169.616716003787,0.897842859856259,-0.22126597307778,0.194204382817173,"mo_ep_mean_total_dist","arousal","3000"
"ran_pars","ID","sd__(Intercept)",0.722964815440527,NA,NA,NA,NA,NA,NA,"mo_ep_mean_total_dist","arousal","3000"
"ran_pars","ID","cor__(Intercept).mo_ep_mean_total_dist_within",-0.255368802622579,NA,NA,NA,NA,NA,NA,"mo_ep_mean_total_dist","arousal","3000"
"ran_pars","ID","sd__mo_ep_mean_total_dist_within",0.0276629372112897,NA,NA,NA,NA,NA,NA,"mo_ep_mean_total_dist","arousal","3000"
"ran_pars","Residual","sd__Observation",0.638908175286092,NA,NA,NA,NA,NA,NA,"mo_ep_mean_total_dist","arousal","3000"
"fixed",NA,"(Intercept)",-0.0814424597815005,0.0562650953912469,-1.44747750297373,170.16770546362,0.149603005870609,-0.192509913435011,0.0296249938720104,"mo_ep_sd_total_dist","arousal","3000"
"fixed",NA,"mo_ep_sd_total_dist_within",-0.00862603421774987,0.00916601828495451,-0.941088480251999,120.809812456703,0.348537493633444,-0.026772873599998,0.00952080516449824,"mo_ep_sd_total_dist","arousal","3000"
"fixed",NA,"mo_ep_sd_total_dist_between",0.133516954216237,0.131497231413282,1.01535943214353,170.877068373755,0.311370028124444,-0.126051226551616,0.393085134984089,"mo_ep_sd_total_dist","arousal","3000"
"ran_pars","ID","sd__(Intercept)",0.720975494555128,NA,NA,NA,NA,NA,NA,"mo_ep_sd_total_dist","arousal","3000"
"ran_pars","ID","cor__(Intercept).mo_ep_sd_total_dist_within",0.067465295757525,NA,NA,NA,NA,NA,NA,"mo_ep_sd_total_dist","arousal","3000"
"ran_pars","ID","sd__mo_ep_sd_total_dist_within",0.0602545357906372,NA,NA,NA,NA,NA,NA,"mo_ep_sd_total_dist","arousal","3000"
"ran_pars","Residual","sd__Observation",0.637316992608464,NA,NA,NA,NA,NA,NA,"mo_ep_sd_total_dist","arousal","3000"
"fixed",NA,"(Intercept)",-0.0520794084160782,0.0564871034776137,-0.921969887103836,170.032581069865,0.3578506297797,-0.163585741273519,0.059426924441363,"mo_ep_sd_speed_mean","arousal","3000"
"fixed",NA,"mo_ep_sd_speed_mean_within",-0.00468523514865116,0.00859260559787203,-0.54526361012211,120.629164859473,0.58657900450855,-0.0216970925365025,0.0123266222392002,"mo_ep_sd_speed_mean","arousal","3000"
"fixed",NA,"mo_ep_sd_speed_mean_between",-0.332703932740973,0.166144540803485,-2.0024969290715,169.879937167702,0.0468220194031332,-0.660677693878437,-0.00473017160350786,"mo_ep_sd_speed_mean","arousal","3000"
"ran_pars","ID","sd__(Intercept)",0.714783135366213,NA,NA,NA,NA,NA,NA,"mo_ep_sd_speed_mean","arousal","3000"
"ran_pars","ID","cor__(Intercept).mo_ep_sd_speed_mean_within",0.052236869333108,NA,NA,NA,NA,NA,NA,"mo_ep_sd_speed_mean","arousal","3000"
"ran_pars","ID","sd__mo_ep_sd_speed_mean_within",0.0548926121404725,NA,NA,NA,NA,NA,NA,"mo_ep_sd_speed_mean","arousal","3000"
"ran_pars","Residual","sd__Observation",0.637541831842148,NA,NA,NA,NA,NA,NA,"mo_ep_sd_speed_mean","arousal","3000"
"fixed",NA,"(Intercept)",-0.0444042317382511,0.0546923296531889,-0.81189139354319,169.880917836719,0.417990118400825,-0.152368346792093,0.0635598833155907,"mo_ep_mean_speed_sd","arousal","3000"
"fixed",NA,"mo_ep_mean_speed_sd_within",-0.0212281066955767,0.0106091305831313,-2.0009280241427,135.080141932522,0.0474041961872804,-0.042209589743321,-0.000246623647832421,"mo_ep_mean_speed_sd","arousal","3000"
"fixed",NA,"mo_ep_mean_speed_sd_between",-0.332281838073264,0.0925891568592096,-3.58877701606603,169.144872161939,0.000434860261041331,-0.515061005083573,-0.149502671062956,"mo_ep_mean_speed_sd","arousal","3000"
"ran_pars","ID","sd__(Intercept)",0.697393527084966,NA,NA,NA,NA,NA,NA,"mo_ep_mean_speed_sd","arousal","3000"
"ran_pars","ID","cor__(Intercept).mo_ep_mean_speed_sd_within",0.056743941606607,NA,NA,NA,NA,NA,NA,"mo_ep_mean_speed_sd","arousal","3000"
"ran_pars","ID","sd__mo_ep_mean_speed_sd_within",0.0787036843817284,NA,NA,NA,NA,NA,NA,"mo_ep_mean_speed_sd","arousal","3000"
"ran_pars","Residual","sd__Observation",0.636062792314455,NA,NA,NA,NA,NA,NA,"mo_ep_mean_speed_sd","arousal","3000"
"fixed",NA,"(Intercept)",-0.05223881688825,0.0564414519978003,-0.925539918609569,169.798722481933,0.355998675430195,-0.16365613294538,0.0591784991688801,"mo_ep_sd_abs_jerk_sd","arousal","3000"
"fixed",NA,"mo_ep_sd_abs_jerk_sd_within",-0.00988882894219878,0.00883779207260365,-1.11892527691993,109.274267652204,0.265625632948477,-0.0274045520852707,0.0076268942008731,"mo_ep_sd_abs_jerk_sd","arousal","3000"
"fixed",NA,"mo_ep_sd_abs_jerk_sd_between",-0.304412572156192,0.151659124308734,-2.00721567887004,169.2847776627,0.0463178037061824,-0.603799285270578,-0.00502585904180713,"mo_ep_sd_abs_jerk_sd","arousal","3000"
"ran_pars","ID","sd__(Intercept)",0.714440772041284,NA,NA,NA,NA,NA,NA,"mo_ep_sd_abs_jerk_sd","arousal","3000"
"ran_pars","ID","cor__(Intercept).mo_ep_sd_abs_jerk_sd_within",-0.0104709316211167,NA,NA,NA,NA,NA,NA,"mo_ep_sd_abs_jerk_sd","arousal","3000"
"ran_pars","ID","sd__mo_ep_sd_abs_jerk_sd_within",0.0562822406621914,NA,NA,NA,NA,NA,NA,"mo_ep_sd_abs_jerk_sd","arousal","3000"
"ran_pars","Residual","sd__Observation",0.637516470702657,NA,NA,NA,NA,NA,NA,"mo_ep_sd_abs_jerk_sd","arousal","3000"
"fixed",NA,"(Intercept)",-0.0521826982480738,0.054618295245995,-0.955406938518467,169.452145373603,0.340732943818413,-0.160002624608463,0.0556372281123156,"mo_ep_mean_angle_mean","arousal","3000"
"fixed",NA,"mo_ep_mean_angle_mean_within",-0.00639152731343324,0.00968291160292425,-0.660083203847796,118.597261820708,0.510480373738201,-0.0255653281613562,0.0127822735344897,"mo_ep_mean_angle_mean","arousal","3000"
"fixed",NA,"mo_ep_mean_angle_mean_between",-0.351942493112734,0.103468787134505,-3.40143634481019,168.773743559481,0.000836915300182903,-0.556202246819079,-0.147682739406389,"mo_ep_mean_angle_mean","arousal","3000"
"ran_pars","ID","sd__(Intercept)",0.699710648139837,NA,NA,NA,NA,NA,NA,"mo_ep_mean_angle_mean","arousal","3000"
"ran_pars","ID","cor__(Intercept).mo_ep_mean_angle_mean_within",0.089711121450812,NA,NA,NA,NA,NA,NA,"mo_ep_mean_angle_mean","arousal","3000"
"ran_pars","ID","sd__mo_ep_mean_angle_mean_within",0.0700538595138593,NA,NA,NA,NA,NA,NA,"mo_ep_mean_angle_mean","arousal","3000"
"ran_pars","Residual","sd__Observation",0.636675555842945,NA,NA,NA,NA,NA,NA,"mo_ep_mean_angle_mean","arousal","3000"
"fixed",NA,"(Intercept)",-0.0555453304182681,0.0560646173495932,-0.990737706670017,169.929372675242,0.323222308802444,-0.166218151530943,0.0551274906944069,"mo_ep_sd_angle_mean","arousal","3000"
"fixed",NA,"mo_ep_sd_angle_mean_within",0.00220602519760421,0.00897814659504253,0.245710534379369,119.623798645842,0.806327388415021,-0.0155706496175079,0.0199827000127163,"mo_ep_sd_angle_mean","arousal","3000"
"fixed",NA,"mo_ep_sd_angle_mean_between",-0.401328829561973,0.194103853906561,-2.06759846074549,169.40954670982,0.0401981997864733,-0.784502654177041,-0.0181550049469053,"mo_ep_sd_angle_mean","arousal","3000"
"ran_pars","ID","sd__(Intercept)",0.714041003045714,NA,NA,NA,NA,NA,NA,"mo_ep_sd_angle_mean","arousal","3000"
"ran_pars","ID","cor__(Intercept).mo_ep_sd_angle_mean_within",0.026785842175539,NA,NA,NA,NA,NA,NA,"mo_ep_sd_angle_mean","arousal","3000"
"ran_pars","ID","sd__mo_ep_sd_angle_mean_within",0.0657144804791968,NA,NA,NA,NA,NA,NA,"mo_ep_sd_angle_mean","arousal","3000"
"ran_pars","Residual","sd__Observation",0.6367115228772,NA,NA,NA,NA,NA,NA,"mo_ep_sd_angle_mean","arousal","3000"
"fixed",NA,"(Intercept)",-0.0536334760592201,0.054921610600911,-0.97654594379886,169.467105372181,0.330185930625957,-0.162052097040484,0.0547851449220436,"mo_ep_mean_angle_sd","arousal","3000"
"fixed",NA,"mo_ep_mean_angle_sd_within",-0.0182057782247203,0.0110538615304831,-1.64700617739008,111.196660047401,0.102380040969876,-0.0401093159007421,0.00369775945130162,"mo_ep_mean_angle_sd","arousal","3000"
"fixed",NA,"mo_ep_mean_angle_sd_between",-0.305882816921112,0.0992908059823317,-3.08067614010044,168.668973626291,0.00241227556244551,-0.501895615654969,-0.109870018187254,"mo_ep_mean_angle_sd","arousal","3000"
"ran_pars","ID","sd__(Intercept)",0.703420648035729,NA,NA,NA,NA,NA,NA,"mo_ep_mean_angle_sd","arousal","3000"
"ran_pars","ID","cor__(Intercept).mo_ep_mean_angle_sd_within",0.0518742557006074,NA,NA,NA,NA,NA,NA,"mo_ep_mean_angle_sd","arousal","3000"
"ran_pars","ID","sd__mo_ep_mean_angle_sd_within",0.0904380653068738,NA,NA,NA,NA,NA,NA,"mo_ep_mean_angle_sd","arousal","3000"
"ran_pars","Residual","sd__Observation",0.635329764164705,NA,NA,NA,NA,NA,NA,"mo_ep_mean_angle_sd","arousal","3000"
"fixed",NA,"(Intercept)",-0.0744961545392289,0.0561842544648989,-1.32592583542726,170.06633133028,0.186642395251309,-0.185404501449825,0.0364121923713675,"mo_ep_mean_y_flips","arousal","3000"
"fixed",NA,"mo_ep_mean_y_flips_within",-0.00300790752612157,0.00787216926930272,-0.382093857896426,118.028366150297,0.703078850444858,-0.0185969070602385,0.0125810920079953,"mo_ep_mean_y_flips","arousal","3000"
"fixed",NA,"mo_ep_mean_y_flips_between",0.000668573839318108,0.0998222881949352,0.00669764089170649,169.677414948276,0.994663963707383,-0.196384976529475,0.197722124208112,"mo_ep_mean_y_flips","arousal","3000"
"ran_pars","ID","sd__(Intercept)",0.723034927474794,NA,NA,NA,NA,NA,NA,"mo_ep_mean_y_flips","arousal","3000"
"ran_pars","ID","cor__(Intercept).mo_ep_mean_y_flips_within",-0.114522682581072,NA,NA,NA,NA,NA,NA,"mo_ep_mean_y_flips","arousal","3000"
"ran_pars","ID","sd__mo_ep_mean_y_flips_within",0.0251059049537294,NA,NA,NA,NA,NA,NA,"mo_ep_mean_y_flips","arousal","3000"
"ran_pars","Residual","sd__Observation",0.639018419476828,NA,NA,NA,NA,NA,NA,"mo_ep_mean_y_flips","arousal","3000"
"fixed",NA,"(Intercept)",-0.0769107860705231,0.0559219003105686,-1.37532497363985,170.191185332267,0.170838316923814,-0.187300662616942,0.033479090475896,"movement_distance","arousal","3000"
"fixed",NA,"movement_distance_within",-0.00372608769512729,0.00917997626712174,-0.405892955134573,117.237366291191,0.685561112524918,-0.0219061650491849,0.0144539896589303,"movement_distance","arousal","3000"
"fixed",NA,"movement_distance_between",0.110216727966515,0.1169484146857,0.942438837351698,170.497125340104,0.347301477932462,-0.12063657113827,0.3410700270713,"movement_distance","arousal","3000"
"ran_pars","ID","sd__(Intercept)",0.721233311648747,NA,NA,NA,NA,NA,NA,"movement_distance","arousal","3000"
"ran_pars","ID","cor__(Intercept).movement_distance_within",-0.0682505855735571,NA,NA,NA,NA,NA,NA,"movement_distance","arousal","3000"
"ran_pars","ID","sd__movement_distance_within",0.0666515451219853,NA,NA,NA,NA,NA,NA,"movement_distance","arousal","3000"
"ran_pars","Residual","sd__Observation",0.636702792151462,NA,NA,NA,NA,NA,NA,"movement_distance","arousal","3000"
"fixed",NA,"(Intercept)",-0.0799211332059413,0.055011371419779,-1.4528111396475,170.342078150245,0.148115821943828,-0.188512936169987,0.0286706697581044,"no_movement","arousal","3000"
"fixed",NA,"no_movement_within",-0.00484195443551982,0.00878639959246212,-0.551073779944375,128.322103135189,0.582541314513241,-0.0222269307628963,0.0125430218918566,"no_movement","arousal","3000"
"fixed",NA,"no_movement_between",-0.315128865888455,0.122008411946939,-2.58284540270472,171.989454426063,0.0106307330484036,-0.555955539124991,-0.0743021926519201,"no_movement","arousal","3000"
"ran_pars","ID","sd__(Intercept)",0.709487159455008,NA,NA,NA,NA,NA,NA,"no_movement","arousal","3000"
"ran_pars","ID","cor__(Intercept).no_movement_within",0.0988069404095989,NA,NA,NA,NA,NA,NA,"no_movement","arousal","3000"
"ran_pars","ID","sd__no_movement_within",0.0606311305381066,NA,NA,NA,NA,NA,NA,"no_movement","arousal","3000"
"ran_pars","Residual","sd__Observation",0.636970150651455,NA,NA,NA,NA,NA,NA,"no_movement","arousal","3000"
"fixed",NA,"(Intercept)",-0.0393114785926945,0.0581575237752508,-0.675948287355104,170.446799331279,0.499989588750332,-0.154113244842451,0.0754902876570621,"lockscreen_episodes.","arousal","3000"
"fixed",NA,"lockscreen_episodes._within",-0.0160518584580405,0.0123550672470805,-1.29921255279557,84.341626377296,0.19741135488729,-0.0406198106977595,0.00851609378167853,"lockscreen_episodes.","arousal","3000"
"fixed",NA,"lockscreen_episodes._between",-0.386046052223782,0.196680678365786,-1.96280618630884,172.14034924878,0.0512801857379301,-0.774262393391577,0.00217028894401278,"lockscreen_episodes.","arousal","3000"
"ran_pars","ID","sd__(Intercept)",0.714350386544152,NA,NA,NA,NA,NA,NA,"lockscreen_episodes.","arousal","3000"
"ran_pars","ID","cor__(Intercept).lockscreen_episodes._within",-0.335551336887598,NA,NA,NA,NA,NA,NA,"lockscreen_episodes.","arousal","3000"
"ran_pars","ID","sd__lockscreen_episodes._within",0.0480347786670503,NA,NA,NA,NA,NA,NA,"lockscreen_episodes.","arousal","3000"
"ran_pars","Residual","sd__Observation",0.638784798612619,NA,NA,NA,NA,NA,NA,"lockscreen_episodes.","arousal","3000"
"fixed",NA,"(Intercept)",-0.0374086304204741,0.058296941948806,-0.641691127697998,170.387859661611,0.521936055335893,-0.152485889919175,0.0776686290782265,"lockscreen_time","arousal","3000"
"fixed",NA,"lockscreen_time_within",-0.0176300268609967,0.0116874008145954,-1.50846429763751,67.1568700608255,0.136126141919763,-0.0409571749072903,0.00569712118529693,"lockscreen_time","arousal","3000"
"fixed",NA,"lockscreen_time_between",-0.387524759159392,0.191587721501013,-2.02270143474379,170.315055360062,0.0446681435976215,-0.765717107086356,-0.00933241123242806,"lockscreen_time","arousal","3000"
"ran_pars","ID","sd__(Intercept)",0.714527210097945,NA,NA,NA,NA,NA,NA,"lockscreen_time","arousal","3000"
"ran_pars","ID","cor__(Intercept).lockscreen_time_within",-0.275022137132161,NA,NA,NA,NA,NA,NA,"lockscreen_time","arousal","3000"
"ran_pars","ID","sd__lockscreen_time_within",0.0383346990224848,NA,NA,NA,NA,NA,NA,"lockscreen_time","arousal","3000"
"ran_pars","Residual","sd__Observation",0.638921130324229,NA,NA,NA,NA,NA,NA,"lockscreen_time","arousal","3000"
"fixed",NA,"(Intercept)",-0.0550924390423461,0.0609108595461197,-0.904476466969439,169.559932956243,0.367026104231701,-0.175333730630964,0.065148852546272,"recording_duration","valence","3000"
"fixed",NA,"recording_duration_within",0.0144554511650053,0.00607346637631844,2.38009898620164,139.718253091376,0.018658180614962,0.00244767078000087,0.0264632315500097,"recording_duration","valence","3000"
"fixed",NA,"recording_duration_between",-0.039771113371559,0.220070150938472,-0.180720162193547,172.151268698872,0.85679980940138,-0.474154353988776,0.394612127245658,"recording_duration","valence","3000"
"ran_pars","ID","sd__(Intercept)",0.784882145217288,NA,NA,NA,NA,NA,NA,"recording_duration","valence","3000"
"ran_pars","ID","cor__(Intercept).recording_duration_within",-0.164581563835923,NA,NA,NA,NA,NA,NA,"recording_duration","valence","3000"
"ran_pars","ID","sd__recording_duration_within",0.0187127521440246,NA,NA,NA,NA,NA,NA,"recording_duration","valence","3000"
"ran_pars","Residual","sd__Observation",0.582410821128904,NA,NA,NA,NA,NA,NA,"recording_duration","valence","3000"
"fixed",NA,"(Intercept)",-0.0529548846576553,0.0600950698216509,-0.881185175669383,169.719209195609,0.379463787581615,-0.17158496353866,0.0656751942233495,"movement_episodes","valence","3000"
"fixed",NA,"movement_episodes_within",-0.00167068577864383,0.00859103513897822,-0.194468507184169,101.53953427118,0.846197602925769,-0.0187118908053052,0.0153705192480175,"movement_episodes","valence","3000"
"fixed",NA,"movement_episodes_between",0.278673187166234,0.160654516634504,1.73461159389766,168.92902168429,0.0846336461675742,-0.0384759269785962,0.595822301311064,"movement_episodes","valence","3000"
"ran_pars","ID","sd__(Intercept)",0.777982975422134,NA,NA,NA,NA,NA,NA,"movement_episodes","valence","3000"
"ran_pars","ID","cor__(Intercept).movement_episodes_within",0.00722582085913015,NA,NA,NA,NA,NA,NA,"movement_episodes","valence","3000"
"ran_pars","ID","sd__movement_episodes_within",0.0592900705475727,NA,NA,NA,NA,NA,NA,"movement_episodes","valence","3000"
"ran_pars","Residual","sd__Observation",0.580808909554361,NA,NA,NA,NA,NA,NA,"movement_episodes","valence","3000"
"fixed",NA,"(Intercept)",-0.0541735047764741,0.0609414348289083,-0.888943703550219,169.613713793177,0.375292313246566,-0.174474879436955,0.0661278698840069,"mo_ep_mean_total_dist","valence","3000"
"fixed",NA,"mo_ep_mean_total_dist_within",-0.00418157245256957,0.00771543854234241,-0.541974695232301,115.041058776404,0.588884166958932,-0.0194643133068328,0.0111011684016937,"mo_ep_mean_total_dist","valence","3000"
"fixed",NA,"mo_ep_mean_total_dist_between",0.00377364046250261,0.113415399530116,0.0332727343741409,169.075314168746,0.973496343373494,-0.220119031265065,0.22766631219007,"mo_ep_mean_total_dist","valence","3000"
"ran_pars","ID","sd__(Intercept)",0.784969288704622,NA,NA,NA,NA,NA,NA,"mo_ep_mean_total_dist","valence","3000"
"ran_pars","ID","cor__(Intercept).mo_ep_mean_total_dist_within",-0.282061015122232,NA,NA,NA,NA,NA,NA,"mo_ep_mean_total_dist","valence","3000"
"ran_pars","ID","sd__mo_ep_mean_total_dist_within",0.0426240511301434,NA,NA,NA,NA,NA,NA,"mo_ep_mean_total_dist","valence","3000"
"ran_pars","Residual","sd__Observation",0.581730834863736,NA,NA,NA,NA,NA,NA,"mo_ep_mean_total_dist","valence","3000"
"fixed",NA,"(Intercept)",-0.0628307329436417,0.0608245187146206,-1.03298364329743,169.730818770019,0.303081165470362,-0.18290071423107,0.0572392483437862,"mo_ep_sd_total_dist","valence","3000"
"fixed",NA,"mo_ep_sd_total_dist_within",-0.0086814534339602,0.00849790083240823,-1.02159975800753,94.6804952166479,0.309573616747919,-0.0255526539085304,0.00818974704060998,"mo_ep_sd_total_dist","valence","3000"
"fixed",NA,"mo_ep_sd_total_dist_between",0.169294726244313,0.141998194001034,1.19223154516374,170.201596862049,0.23483006398733,-0.11100970104203,0.449599153530656,"mo_ep_sd_total_dist","valence","3000"
"ran_pars","ID","sd__(Intercept)",0.781611619650956,NA,NA,NA,NA,NA,NA,"mo_ep_sd_total_dist","valence","3000"
"ran_pars","ID","cor__(Intercept).mo_ep_sd_total_dist_within",-0.103785927743332,NA,NA,NA,NA,NA,NA,"mo_ep_sd_total_dist","valence","3000"
"ran_pars","ID","sd__mo_ep_sd_total_dist_within",0.0577194751357733,NA,NA,NA,NA,NA,NA,"mo_ep_sd_total_dist","valence","3000"
"ran_pars","Residual","sd__Observation",0.58090949031053,NA,NA,NA,NA,NA,NA,"mo_ep_sd_total_dist","valence","3000"
"fixed",NA,"(Intercept)",-0.032541301692177,0.0612895406382974,-0.530943801393794,169.610948265686,0.596152276746271,-0.153529868430409,0.0884472650460546,"mo_ep_sd_speed_mean","valence","3000"
"fixed",NA,"mo_ep_sd_speed_mean_within",-0.010077732124677,0.0072976325191311,-1.38095911218572,107.597094107286,0.170153100354226,-0.0245435194541948,0.0043880552048409,"mo_ep_sd_speed_mean","valence","3000"
"fixed",NA,"mo_ep_sd_speed_mean_between",-0.31858263638766,0.180329542604847,-1.76666913133454,169.470456790401,0.0790838424711709,-0.674564140516088,0.0373988677407686,"mo_ep_sd_speed_mean","valence","3000"
"ran_pars","ID","sd__(Intercept)",0.777750644672363,NA,NA,NA,NA,NA,NA,"mo_ep_sd_speed_mean","valence","3000"
"ran_pars","ID","cor__(Intercept).mo_ep_sd_speed_mean_within",0.0195529424999771,NA,NA,NA,NA,NA,NA,"mo_ep_sd_speed_mean","valence","3000"
"ran_pars","ID","sd__mo_ep_sd_speed_mean_within",0.0378284934495073,NA,NA,NA,NA,NA,NA,"mo_ep_sd_speed_mean","valence","3000"
"ran_pars","Residual","sd__Observation",0.581853190869539,NA,NA,NA,NA,NA,NA,"mo_ep_sd_speed_mean","valence","3000"
"fixed",NA,"(Intercept)",-0.0194745670267829,0.0588233732929137,-0.331068518117933,169.483035989722,0.741001698108128,-0.135595427887603,0.0966462938340375,"mo_ep_mean_speed_sd","valence","3000"
"fixed",NA,"mo_ep_mean_speed_sd_within",0.000401044484411736,0.00962180762742891,0.0416807838964144,111.313732177192,0.966827843503932,-0.0186646175198895,0.0194667064887129,"mo_ep_mean_speed_sd","valence","3000"
"fixed",NA,"mo_ep_mean_speed_sd_between",-0.380132744149225,0.0996395097505531,-3.81508043446706,168.926926990534,0.000190689618321593,-0.576831758532572,-0.183433729765878,"mo_ep_mean_speed_sd","valence","3000"
"ran_pars","ID","sd__(Intercept)",0.752176798596214,NA,NA,NA,NA,NA,NA,"mo_ep_mean_speed_sd","valence","3000"
"ran_pars","ID","cor__(Intercept).mo_ep_mean_speed_sd_within",-0.0401579281368313,NA,NA,NA,NA,NA,NA,"mo_ep_mean_speed_sd","valence","3000"
"ran_pars","ID","sd__mo_ep_mean_speed_sd_within",0.0707381577471432,NA,NA,NA,NA,NA,NA,"mo_ep_mean_speed_sd","valence","3000"
"ran_pars","Residual","sd__Observation",0.580364806792949,NA,NA,NA,NA,NA,NA,"mo_ep_mean_speed_sd","valence","3000"
"fixed",NA,"(Intercept)",-0.0287416774288192,0.0610139955619361,-0.471066960360646,169.450346563442,0.638198793182314,-0.149187124894299,0.0917037700366611,"mo_ep_sd_abs_jerk_sd","valence","3000"
"fixed",NA,"mo_ep_sd_abs_jerk_sd_within",-0.00592988952015579,0.0080608754530867,-0.735638399906686,116.166332252448,0.463433514373882,-0.0218952281100148,0.0100354490697032,"mo_ep_sd_abs_jerk_sd","valence","3000"
"fixed",NA,"mo_ep_sd_abs_jerk_sd_between",-0.345148432520493,0.163871867027808,-2.10620919124528,169.078115873614,0.0366625752091476,-0.668646880697983,-0.0216499843430041,"mo_ep_sd_abs_jerk_sd","valence","3000"
"ran_pars","ID","sd__(Intercept)",0.774466132908213,NA,NA,NA,NA,NA,NA,"mo_ep_sd_abs_jerk_sd","valence","3000"
"ran_pars","ID","cor__(Intercept).mo_ep_sd_abs_jerk_sd_within",-0.0813894627603398,NA,NA,NA,NA,NA,NA,"mo_ep_sd_abs_jerk_sd","valence","3000"
"ran_pars","ID","sd__mo_ep_sd_abs_jerk_sd_within",0.0514316341708433,NA,NA,NA,NA,NA,NA,"mo_ep_sd_abs_jerk_sd","valence","3000"
"ran_pars","Residual","sd__Observation",0.581171341557293,NA,NA,NA,NA,NA,NA,"mo_ep_sd_abs_jerk_sd","valence","3000"
"fixed",NA,"(Intercept)",-0.0283629386514054,0.0589007688399987,-0.481537664278239,169.232888428952,0.630756501598603,-0.14463781884292,0.0879119415401093,"mo_ep_mean_angle_mean","valence","3000"
"fixed",NA,"mo_ep_mean_angle_mean_within",-0.00164207343778624,0.00942209693584498,-0.174278979399927,104.857524597376,0.861982257119192,-0.0203246470414316,0.0170405001658591,"mo_ep_mean_angle_mean","valence","3000"
"fixed",NA,"mo_ep_mean_angle_mean_between",-0.403951262350669,0.111516112879747,-3.62235780928151,168.634640097933,0.00038598738860296,-0.624098710350902,-0.183803814350436,"mo_ep_mean_angle_mean","valence","3000"
"ran_pars","ID","sd__(Intercept)",0.756785459801787,NA,NA,NA,NA,NA,NA,"mo_ep_mean_angle_mean","valence","3000"
"ran_pars","ID","cor__(Intercept).mo_ep_mean_angle_mean_within",0.106209960152697,NA,NA,NA,NA,NA,NA,"mo_ep_mean_angle_mean","valence","3000"
"ran_pars","ID","sd__mo_ep_mean_angle_mean_within",0.0746847059646784,NA,NA,NA,NA,NA,NA,"mo_ep_mean_angle_mean","valence","3000"
"ran_pars","Residual","sd__Observation",0.579797202036319,NA,NA,NA,NA,NA,NA,"mo_ep_mean_angle_mean","valence","3000"
"fixed",NA,"(Intercept)",-0.039319653525235,0.0610324887913874,-0.644241359051109,169.597986062037,0.520289283772969,-0.159800853443889,0.0811615463934187,"mo_ep_sd_angle_mean","valence","3000"
"fixed",NA,"mo_ep_sd_angle_mean_within",-0.00704892823468475,0.00689186520455363,-1.02278962595312,116.689884304838,0.308523033333221,-0.020698285150195,0.00660042868082555,"mo_ep_sd_angle_mean","valence","3000"
"fixed",NA,"mo_ep_sd_angle_mean_between",-0.311150382149208,0.21101544253684,-1.47453844329373,169.162759327767,0.142195304870733,-0.727713171314765,0.105412407016348,"mo_ep_sd_angle_mean","valence","3000"
"ran_pars","ID","sd__(Intercept)",0.779604112541453,NA,NA,NA,NA,NA,NA,"mo_ep_sd_angle_mean","valence","3000"
"ran_pars","ID","cor__(Intercept).mo_ep_sd_angle_mean_within",0.180384445502069,NA,NA,NA,NA,NA,NA,"mo_ep_sd_angle_mean","valence","3000"
"ran_pars","ID","sd__mo_ep_sd_angle_mean_within",0.0306330603052375,NA,NA,NA,NA,NA,NA,"mo_ep_sd_angle_mean","valence","3000"
"ran_pars","Residual","sd__Observation",0.582174471067254,NA,NA,NA,NA,NA,NA,"mo_ep_sd_angle_mean","valence","3000"
"fixed",NA,"(Intercept)",-0.0286454760373927,0.0590428043763063,-0.485164557137602,169.16078961916,0.628187339178217,-0.145201103619659,0.0879101515448735,"mo_ep_mean_angle_sd","valence","3000"
"fixed",NA,"mo_ep_mean_angle_sd_within",-0.0077314194348652,0.0101575319862397,-0.761151374697991,132.283110197697,0.4479213933946,-0.0278236238977692,0.0123607850280388,"mo_ep_mean_angle_sd","valence","3000"
"fixed",NA,"mo_ep_mean_angle_sd_between",-0.37094380864429,0.106784357491399,-3.47376542181442,168.577323558624,0.000652322726127049,-0.581750668280058,-0.160136949008522,"mo_ep_mean_angle_sd","valence","3000"
"ran_pars","ID","sd__(Intercept)",0.758331101390468,NA,NA,NA,NA,NA,NA,"mo_ep_mean_angle_sd","valence","3000"
"ran_pars","ID","cor__(Intercept).mo_ep_mean_angle_sd_within",0.0470850018954346,NA,NA,NA,NA,NA,NA,"mo_ep_mean_angle_sd","valence","3000"
"ran_pars","ID","sd__mo_ep_mean_angle_sd_within",0.0838962832619679,NA,NA,NA,NA,NA,NA,"mo_ep_mean_angle_sd","valence","3000"
"ran_pars","Residual","sd__Observation",0.578615281818209,NA,NA,NA,NA,NA,NA,"mo_ep_mean_angle_sd","valence","3000"
"fixed",NA,"(Intercept)",-0.0532804161533757,0.0608142219324178,-0.876117698465099,169.64552238419,0.382204906894036,-0.173330504593918,0.066769672287167,"mo_ep_mean_y_flips","valence","3000"
"fixed",NA,"mo_ep_mean_y_flips_within",-0.00344865964246327,0.00913488838843035,-0.3775261936239,130.384155247014,0.706396432601637,-0.02152044362402,0.0146231243390935,"mo_ep_mean_y_flips","valence","3000"
"fixed",NA,"mo_ep_mean_y_flips_between",-0.0154036504560417,0.107873109422714,-0.142794163795543,169.277661373837,0.886622571514667,-0.228353485061538,0.197546184149454,"mo_ep_mean_y_flips","valence","3000"
"ran_pars","ID","sd__(Intercept)",0.784877778005422,NA,NA,NA,NA,NA,NA,"mo_ep_mean_y_flips","valence","3000"
"ran_pars","ID","cor__(Intercept).mo_ep_mean_y_flips_within",-0.116641883025538,NA,NA,NA,NA,NA,NA,"mo_ep_mean_y_flips","valence","3000"
"ran_pars","ID","sd__mo_ep_mean_y_flips_within",0.0677530677328207,NA,NA,NA,NA,NA,NA,"mo_ep_mean_y_flips","valence","3000"
"ran_pars","Residual","sd__Observation",0.580175387419331,NA,NA,NA,NA,NA,NA,"mo_ep_mean_y_flips","valence","3000"
"fixed",NA,"(Intercept)",-0.0574370412700131,0.0604384022157103,-0.950340167250201,169.739587730787,0.343290618535134,-0.176744769215317,0.0618706866752904,"movement_distance","valence","3000"
"fixed",NA,"movement_distance_within",-0.00626139125037196,0.00848797720430343,-0.737677670387406,99.3417452845376,0.46244925682461,-0.0231026627956382,0.0105798802948943,"movement_distance","valence","3000"
"fixed",NA,"movement_distance_between",0.155574104842448,0.12618528691866,1.23290209691984,169.968746647601,0.219314793402509,-0.0935180881423707,0.404666297827267,"movement_distance","valence","3000"
"ran_pars","ID","sd__(Intercept)",0.781687000760999,NA,NA,NA,NA,NA,NA,"movement_distance","valence","3000"
"ran_pars","ID","cor__(Intercept).movement_distance_within",-0.11946115236284,NA,NA,NA,NA,NA,NA,"movement_distance","valence","3000"
"ran_pars","ID","sd__movement_distance_within",0.063021483183525,NA,NA,NA,NA,NA,NA,"movement_distance","valence","3000"
"ran_pars","Residual","sd__Observation",0.58036589560802,NA,NA,NA,NA,NA,NA,"movement_distance","valence","3000"
"fixed",NA,"(Intercept)",-0.0606718468876276,0.0592638900710263,-1.02375741475819,169.768854154597,0.307406427955895,-0.177660897933209,0.0563172041579541,"no_movement","valence","3000"
"fixed",NA,"no_movement_within",0.0065237322376887,0.00874336097338146,0.746135525863536,103.429416987429,0.457278070725995,-0.0108158064884476,0.023863270963825,"no_movement","valence","3000"
"fixed",NA,"no_movement_between",-0.378540978527827,0.131247587252506,-2.88417476048193,171.013888917591,0.00442930701010622,-0.637614897449914,-0.11946705960574,"no_movement","valence","3000"
"ran_pars","ID","sd__(Intercept)",0.766526561917725,NA,NA,NA,NA,NA,NA,"no_movement","valence","3000"
"ran_pars","ID","cor__(Intercept).no_movement_within",0.110655669690176,NA,NA,NA,NA,NA,NA,"no_movement","valence","3000"
"ran_pars","ID","sd__no_movement_within",0.0686883385177918,NA,NA,NA,NA,NA,NA,"no_movement","valence","3000"
"ran_pars","Residual","sd__Observation",0.579791087054517,NA,NA,NA,NA,NA,NA,"no_movement","valence","3000"
"fixed",NA,"(Intercept)",-0.0187391845659992,0.0631413748564238,-0.296781383183529,169.877083306428,0.766995972969457,-0.143381960011424,0.105903590879426,"lockscreen_episodes.","valence","3000"
"fixed",NA,"lockscreen_episodes._within",-0.0259614283516509,0.011489050611078,-2.25966698472181,102.382640026784,0.0259601258975517,-0.048748883550531,-0.0031739731527707,"lockscreen_episodes.","valence","3000"
"fixed",NA,"lockscreen_episodes._between",-0.387618969697547,0.214094813986767,-1.81050144316669,171.208176963772,0.0719713625253353,-0.810224330339749,0.0349863909446556,"lockscreen_episodes.","valence","3000"
"ran_pars","ID","sd__(Intercept)",0.777626802150255,NA,NA,NA,NA,NA,NA,"lockscreen_episodes.","valence","3000"
"ran_pars","ID","cor__(Intercept).lockscreen_episodes._within",-0.106007279009877,NA,NA,NA,NA,NA,NA,"lockscreen_episodes.","valence","3000"
"ran_pars","ID","sd__lockscreen_episodes._within",0.0484766421642089,NA,NA,NA,NA,NA,NA,"lockscreen_episodes.","valence","3000"
"ran_pars","Residual","sd__Observation",0.582087814749,NA,NA,NA,NA,NA,NA,"lockscreen_episodes.","valence","3000"
"fixed",NA,"(Intercept)",-0.0154480200459648,0.0632291058540826,-0.244318179694254,169.928692791645,0.807279152384071,-0.140263706889336,0.109367666797406,"lockscreen_time","valence","3000"
"fixed",NA,"lockscreen_time_within",-0.0293450837054761,0.0117305894803283,-2.50158645093552,103.429134396058,0.0139317873425556,-0.0526087940533646,-0.00608137335758761,"lockscreen_time","valence","3000"
"fixed",NA,"lockscreen_time_between",-0.403819114334868,0.207992912951424,-1.94150420129545,169.964083895208,0.0538508709712479,-0.81440122155736,0.00676299288762411,"lockscreen_time","valence","3000"
"ran_pars","ID","sd__(Intercept)",0.777230662863992,NA,NA,NA,NA,NA,NA,"lockscreen_time","valence","3000"
"ran_pars","ID","cor__(Intercept).lockscreen_time_within",-0.129161859834122,NA,NA,NA,NA,NA,NA,"lockscreen_time","valence","3000"
"ran_pars","ID","sd__lockscreen_time_within",0.0577612909928426,NA,NA,NA,NA,NA,NA,"lockscreen_time","valence","3000"
"ran_pars","Residual","sd__Observation",0.581671082890937,NA,NA,NA,NA,NA,NA,"lockscreen_time","valence","3000"
